日期,作物品項,前三年(平常年)主要批發市場平均交易量(公噸),主要批發市場交易量(進口)(公噸),主要批發市場交易量(國內)(公噸),主要批發市場均價(元/公斤),前三年(平常年)主要批發市場均價(元/公斤)
2025/7/7,奇異果,"5.7","0","","","82.5"
2025/7/7,西瓜,"80.89","0","","","16.05"
2025/7/7,酪梨,"17.11","4.37","","","49.95"
2025/7/7,梨,"35","0","","","51.2"
2025/7/7,蘋果,"23.3","152.97","","","53"
2025/7/7,鳳梨,"62.03","0","","","19.92"
2025/7/7,桃子,"6.23","33.23","","","178.53"
2025/7/7,芒果,"84.96","0","","","44.88"
2025/7/8,桃子,"8.11","32.71","2.35","203.75","182.96"
2025/7/8,文旦,"0.2","0","","","10"
2025/7/8,西瓜,"86.86","0","133.04","18.04","15.3"
2025/7/8,鳳梨,"56.44","0","52.03","38.23","20.02"
2025/7/8,芒果,"73.86","0","60.35","80.74","47.23"
2025/7/8,酪梨,"16.14","3.86","13.45","70.76","51.59"
2025/7/8,梨,"36.08","7.68","32.39","74.08","50.37"
2025/7/8,奇異果,"9.14","0","0","97.52","72.56"
2025/7/8,蘋果,"28.4","224.69","0","54.38","48.73"
2025/7/9,蘋果,"25.62","357.47","0","60.99","55.48"
2025/7/9,桃子,"6.18","41.84","2.97","195.14","202.58"
2025/7/9,奇異果,"5.38","66.25","0","83.5","78.09"
2025/7/9,梨,"39.37","23.2","35.09","66.64","52.04"
2025/7/9,鳳梨,"55.38","0","58.47","33.07","22.17"
2025/7/9,芒果,"78.48","0","43.32","68.84","45.21"
2025/7/9,西瓜,"111.91","0","73.54","17.19","16.07"
2025/7/9,酪梨,"17.52","3.86","26","55.75","49.67"
2025/7/10,梨,"36.24","23.2","21.93","65.87","55.6"
2025/7/10,西瓜,"86.84","0","56.19","17.15","18.36"
2025/7/10,芒果,"63.26","0","31.67","76.66","56.62"
2025/7/10,桃子,"9.3","60.4","3.02","192.78","188.38"
2025/7/10,酪梨,"19.45","4.48","19.33","47.18","52.1"
2025/7/10,鳳梨,"50.58","0","41.76","26.83","24.46"
2025/7/10,蘋果,"28.08","410.13","0","51.58","51.29"
2025/7/10,奇異果,"5.48","171.91","0","84.82","75.54"
2025/7/11,奇異果,"6.71","290.04","0","107.09","75.24"
2025/7/11,酪梨,"16.14","4.43","14.51","48.37","51.17"
2025/7/11,鳳梨,"55.26","0","42.03","24.9","20.66"
2025/7/11,梨,"45.53","15.52","15.81","73.38","45.14"
2025/7/11,桃子,"9.29","60.23","2.59","190.66","195.35"
2025/7/11,蘋果,"25.44","366.64","0","57.69","50.38"
2025/7/11,芒果,"87.51","0","38.63","72.97","39.49"
2025/7/11,西瓜,"124.34","0","47.93","15.56","14.12"
2025/7/12,芒果,"71.48","0","42.67","74.74","54.71"
2025/7/12,鳳梨,"64.36","0","53.59","26.5","22.31"
2025/7/12,酪梨,"26","5.63","11.08","64.07","47.99"
2025/7/12,西瓜,"134.41","0","97.93","14.83","15.53"
2025/7/12,桃子,"7.33","81.12","4.1","186.41","207.95"
2025/7/12,蘋果,"27.26","274.77","0","53.22","49.96"
2025/7/12,奇異果,"7.27","223.79","0","106.4","76.77"
2025/7/12,梨,"45.53","0","25.9","74.94","54.4"
2025/7/13,西瓜,"112.65","0","74.5","12.49","17.03"
2025/7/13,奇異果,"10.22","118.13","0","85.23","90.84"
2025/7/13,鳳梨,"55.88","0","51.67","23.1","24"
2025/7/13,蘋果,"35.55","222.12","0","56.14","53.47"
2025/7/13,梨,"47.06","0","30.77","71.84","53.55"
2025/7/13,酪梨,"23.58","5.02","19.19","55.37","49.6"
2025/7/13,芒果,"68.31","0","44.05","70.11","56.5"
2025/7/13,桃子,"9.71","87.87","5.73","152.42","187.18"
2025/7/14,鳳梨,"52.24","0","","","23.9"
2025/7/14,西瓜,"111.56","0","","","17.01"
2025/7/14,桃子,"8.63","80.95","","","188.72"
2025/7/14,梨,"41.7","0","","","49.69"
2025/7/14,酪梨,"18.57","1.2","","","50.16"
2025/7/14,奇異果,"5.83","0","","","78.86"
2025/7/14,芒果,"68.07","0","","","47.63"
2025/7/14,蘋果,"30.04","40.92","","","52.69"
2025/7/15,桃子,"8.94","99.31","9.34","122.83","189.47"
2025/7/15,奇異果,"4.97","0","0","98.55","82.09"
2025/7/15,蘋果,"24.29","100.27","0.01","55.36","46.02"
2025/7/15,西瓜,"139.31","0","162.69","13.27","15.55"
2025/7/15,鳳梨,"50.87","0","85.82","20.81","23.16"
2025/7/15,酪梨,"20.24","1.97","40.36","45.83","52.36"
2025/7/15,梨,"42.76","7.47","42.22","71.87","49.4"
2025/7/15,芒果,"64.14","0","51.24","67.02","55.63"
2025/7/16,西瓜,"116.09","0","161.04","13.67","16.66"
2025/7/16,奇異果,"7.43","77.34","0","82.47","86.54"
2025/7/16,芒果,"75.51","0","28.46","66.15","59.51"
2025/7/16,鳳梨,"49.11","0","78.17","18.26","25.54"
2025/7/16,蘋果,"30.76","197.83","0.06","50.55","54.01"
2025/7/16,酪梨,"27.59","1.97","27.86","46.73","51.24"
2025/7/16,梨,"53.72","7.47","29.75","68.48","53.66"
2025/7/16,桃子,"11.35","120.55","6.51","139.96","182.46"
2025/7/17,鳳梨,"43.85","0","","","27.36"
2025/7/17,奇異果,"7.45","360.54","","","74.86"
2025/7/17,桃子,"14.05","134.52","","","170.41"
2025/7/17,芒果,"69.3","0","","","57.47"
2025/7/17,梨,"44.32","7.47","","","52.33"
2025/7/17,蘋果,"34.29","350.92","","","47.85"
2025/7/17,酪梨,"25.52","1.97","","","49.5"
2025/7/17,西瓜,"122.56","0","","","16.66"
2025/7/18,芒果,"86.77","0","32.85","65.39","47.3"
2025/7/18,鳳梨,"46.94","0","65.22","20.12","27.03"
2025/7/18,奇異果,"4.89","366.39","0","91.31","80.62"
2025/7/18,蘋果,"36.94","257.33","0","57.38","54.82"
2025/7/18,梨,"50.8","0","48.96","69.89","49.84"
2025/7/18,西瓜,"124.21","0","160.27","12.8","17.44"
2025/7/18,桃子,"10.33","99.93","10.58","129.01","174.7"
2025/7/18,酪梨,"25.53","3.74","32.03","47.33","47.35"
2025/7/19,奇異果,"7.53","289.05","0","102.5","77.64"
2025/7/19,蘋果,"36.07","212.56","0.1","58.13","48.69"
2025/7/19,西瓜,"133.52","0","108.02","11.29","16.58"
2025/7/19,芒果,"71.75","0","20.14","75.55","59.17"
2025/7/19,桃子,"11.56","102.15","7.85","149.54","180.93"
2025/7/19,鳳梨,"56.56","0","35.21","27.14","27.43"
2025/7/19,酪梨,"30.27","6.1","24","49.53","43.69"
2025/7/19,梨,"48.54","0","38.09","70.61","54.83"
2025/7/20,桃子,"12.18","122.91","6.51","173.37","158.33"
2025/7/20,芒果,"72.05","0","27.45","75.48","64.36"
2025/7/20,鳳梨,"46.49","0","33.87","25.85","30.9"
2025/7/20,文旦,"0.14","0","","","13.2"
2025/7/20,梨,"51.07","0","33.09","66.34","56.35"
2025/7/20,西瓜,"116.77","0","110.1","10.95","18.78"
2025/7/20,奇異果,"17.49","5.85","0","103.04","85.64"
2025/7/20,蘋果,"37.09","59.47","0","53.05","53.96"
2025/7/20,酪梨,"29.37","6.54","17.16","51.74","46.69"
2025/7/21,桃子,"11.66","104.28","","","168.47"
2025/7/21,奇異果,"11.96","0","","","82.9"
2025/7/21,梨,"54.33","0","","","48.82"
2025/7/21,鳳梨,"51.88","0","","","27.85"
2025/7/21,蘋果,"38.92","52.8","","","48.94"
2025/7/21,西瓜,"140.7","0","","","17.77"
2025/7/21,芒果,"79.43","0","","","47.15"
2025/7/21,酪梨,"25.14","2.8","","","45.16"
2025/7/22,梨,"48.63","0","49.6","67.03","46.18"
2025/7/22,芒果,"62.98","0","25.32","72.19","49.74"
2025/7/22,桃子,"13.25","81.34","11.79","111.84","152.54"
2025/7/22,鳳梨,"46.23","0","46.99","27.66","24.9"
2025/7/22,酪梨,"26.39","3.31","24.87","50.5","47.37"
2025/7/22,蘋果,"34.37","314.69","0","51.84","47.95"
2025/7/22,西瓜,"134.68","0","112.88","11.81","15.87"
2025/7/22,文旦,"0.12","0","0.05","10","10"
2025/7/22,奇異果,"12.68","0","0","98.13","81.96"
2025/7/23,梨,"41.32","0","53.95","67.86","46.92"
2025/7/23,芒果,"62.38","0","21.46","75.96","50.95"
2025/7/23,文旦,"0.1","0","","","10"
2025/7/23,酪梨,"27.63","3.45","20.66","52.47","43.77"
2025/7/23,鳳梨,"38.5","0","49.62","26.87","27.65"
2025/7/23,奇異果,"7.45","97.74","0","77.28","85.91"
2025/7/23,西瓜,"120.99","0","50.61","12.64","16.14"
2025/7/23,蘋果,"37.03","364.08","0","56.78","50.46"
2025/7/23,桃子,"11.82","56.76","9.82","121.3","175.11"
2025/7/24,芒果,"54.07","0","30.62","83.82","57.18"
2025/7/24,奇異果,"3.92","169.8","0","81.58","79.37"
2025/7/24,文旦,"0.06","0","","","10"
2025/7/24,酪梨,"22.32","4.07","24.21","50.11","41.55"
2025/7/24,蘋果,"26.38","461.03","0.11","55.23","49"
2025/7/24,西瓜,"93.85","0","94.3","15.81","16.12"
2025/7/24,梨,"38.63","0","46.65","68.46","49.23"
2025/7/24,鳳梨,"36.06","0","37.16","29.42","30.24"
2025/7/24,桃子,"10.87","73.61","12.59","113.7","140.03"
2025/7/25,芒果,"76.13","0","32.44","75.54","37.99"
2025/7/25,文旦,"0.2","0","","","13.71"
2025/7/25,梨,"44.42","8","41.51","65.66","42.06"
2025/7/25,鳳梨,"44.32","0","35.24","29.05","24.35"
2025/7/25,酪梨,"25.86","8.23","21.49","49.28","42.08"
2025/7/25,西瓜,"108.54","0","126.72","12.19","12.56"
2025/7/25,蘋果,"28.81","320.66","0.04","58.33","54.85"
2025/7/25,奇異果,"4.08","297.38","0","100.43","77.17"
2025/7/25,桃子,"12.02","57.76","13.36","97.87","135.34"
2025/7/26,鳳梨,"34.87","0","34.03","27.4","31.04"
2025/7/26,梨,"38.28","8","41.35","59.44","52.39"
2025/7/26,文旦,"0.78","0","","","27.03"
2025/7/26,蘋果,"26.93","321.17","0","65.34","55.16"
2025/7/26,西瓜,"125.52","0","65.79","14.45","15.17"
2025/7/26,芒果,"48.64","0","28.6","74.07","60.78"
2025/7/26,桃子,"9.52","56.07","11.89","120.04","170.61"
2025/7/26,奇異果,"6.49","199.64","0","104.87","84.57"
2025/7/26,酪梨,"26.35","8.84","17.29","46.21","41.02"
2025/7/27,桃子,"8.5","43.32","13.34","104.05","165.19"
2025/7/27,酪梨,"21.55","8.23","12.29","52.51","44.63"
2025/7/27,文旦,"1.69","0","","","15.02"
2025/7/27,芒果,"52.53","0","22.47","79.14","59.88"
2025/7/27,西瓜,"90.48","0","16.07","13.58","17.35"
2025/7/27,鳳梨,"34.61","0","26.03","29.43","31.8"
2025/7/27,奇異果,"8.3","127.58","0","84.38","81.4"
2025/7/27,蘋果,"31.63","224.22","0.01","55.63","53.14"
2025/7/27,梨,"45.2","8","28.36","64.53","50.52"
2025/7/28,奇異果,"9.49","0","","","75.83"
2025/7/28,蘋果,"35.4","49.91","","","50.7"
2025/7/28,西瓜,"86.65","0","","","13.69"
2025/7/28,芒果,"46.47","0","","","50.75"
2025/7/28,梨,"43.45","0","","","45.62"
2025/7/28,酪梨,"20.46","3.83","","","44.86"
2025/7/28,鳳梨,"35.03","0","","","28.52"
2025/7/28,桃子,"12.09","33.35","","","154.3"
2025/7/28,文旦,"1.9","0","","","20.45"
2025/7/29,西瓜,"82.07","0","20.97","13.13","15.03"
2025/7/29,鳳梨,"31.5","0","32.48","34.22","27.86"
2025/7/29,芒果,"51.39","0","31.03","74.1","52.36"
2025/7/29,桃子,"9.16","92.92","18.06","89.04","150.44"
2025/7/29,梨,"43.76","0","47.28","64.8","44.96"
2025/7/29,奇異果,"13.79","0","0","105.25","85.82"
2025/7/29,酪梨,"17.35","2.63","19.46","53.14","45.7"
2025/7/29,蘋果,"30.61","76.86","0","56.43","48.68"
2025/7/29,文旦,"1.19","0","","","22.91"
2025/7/30,西瓜,"89.42","0","43.63","13.23","15.9"
2025/7/30,文旦,"0.91","0","","","19.56"
2025/7/30,鳳梨,"37.4","0","27.61","33.86","28.67"
2025/7/30,芒果,"55.41","0","18.27","76.06","51.85"
2025/7/30,蘋果,"33.18","96.11","0.11","57.95","49.43"
2025/7/30,梨,"45.03","0","42.23","61.7","48.07"
2025/7/30,桃子,"12","105.59","12.86","117.8","144.09"
2025/7/30,奇異果,"9.64","0","0","76.88","84.03"
2025/7/30,酪梨,"19.99","2.63","10","58.94","45.38"
2025/7/31,芒果,"45.71","0","16.14","69.49","59.02"
2025/7/31,酪梨,"26.1","1.58","11.74","58.57","43.5"
2025/7/31,桃子,"10.79","122.73","10.98","99.72","141.07"
2025/7/31,蘋果,"28.75","290.95","0","50.36","49.91"
2025/7/31,西瓜,"98.04","0","41.98","16.33","13.32"
2025/7/31,鳳梨,"34.32","0","24.19","31.19","29.39"
2025/7/31,奇異果,"7.06","190.93","0","87.81","72.82"
2025/7/31,文旦,"0.56","0","","","15.99"
2025/7/31,梨,"45.58","5.4","27.1","62.2","48.88"
2025/8/1,蘋果,"35.94","291.46","0","56.9","56.61"
2025/8/1,奇異果,"5.37","305.26","0","100.34","77.45"
2025/8/1,鳳梨,"40.93","0","25.46","37.16","28.03"
2025/8/1,梨,"54.22","5.4","33.55","65.84","46.58"
2025/8/1,文旦,"0.71","0","","","20.08"
2025/8/1,桃子,"13.84","75.27","15.66","106.17","149.08"
2025/8/1,酪梨,"33.26","2.46","15.14","64.16","41.41"
2025/8/1,西瓜,"97.41","0","32.38","17.48","12.68"
2025/8/1,芒果,"59.99","0","20.41","76.32","47.05"
2025/8/2,西瓜,"107.03","0","33.9","15.95","13.5"
2025/8/2,梨,"52.05","5.4","43.43","66.53","49.09"
2025/8/2,鳳梨,"41","0","30.99","36.01","30.14"
2025/8/2,奇異果,"5.4","305.26","0","97.26","78.8"
2025/8/2,芒果,"56.58","0","18.54","82.03","57.58"
2025/8/2,桃子,"12.74","84.3","13.42","121.54","136.51"
2025/8/2,文旦,"1.43","0","","","17.59"
2025/8/2,酪梨,"32.83","10.24","14.26","67.26","39.98"
2025/8/2,蘋果,"38.45","319.03","0","51.46","51.7"
2025/8/3,桃子,"12.99","79.81","16.67","122.55","155.07"
2025/8/3,鳳梨,"37.12","0","29.6","34.13","28.04"
2025/8/3,奇異果,"8.72","114.33","0","93.06","87.39"
2025/8/3,梨,"45.87","0","41.69","65.91","48.34"
2025/8/3,西瓜,"81.6","0","8.42","22.19","16.09"
2025/8/3,文旦,"7.55","0","","","21.22"
2025/8/3,蘋果,"31.95","124.19","0","57.39","52.24"
2025/8/3,芒果,"50.82","0","20.91","78.39","55.1"
2025/8/3,酪梨,"27.93","11.15","13.06","69.42","39.98"
2025/8/4,蘋果,"35.63","46.81","","","53.15"
2025/8/4,西瓜,"89.6","0","","","12.6"
2025/8/4,奇異果,"8.79","0","","","80.43"
2025/8/4,桃子,"10.89","52.05","","","163.6"
2025/8/4,文旦,"1.36","0","","","18.02"
2025/8/4,酪梨,"25.2","10.27","","","42.78"
2025/8/4,鳳梨,"34.53","0","","","27.9"
2025/8/4,梨,"43.07","0","","","46.72"
2025/8/4,芒果,"45.12","0","","","53.08"
2025/8/5,文旦,"2.24","0","","","20.69"
2025/8/5,鳳梨,"35.5","0","35.47","37.79","26.42"
2025/8/5,蘋果,"33.3","479.71","0.14","57.27","49.77"
2025/8/5,西瓜,"83.89","0","37.99","16.25","11.72"
2025/8/5,酪梨,"20.2","5.21","17.79","71.67","44.13"
2025/8/5,芒果,"46.89","0","22.73","80.4","49.3"
2025/8/5,奇異果,"12.8","4.94","0","92.91","88.6"
2025/8/5,桃子,"10.7","74.84","19.53","119.03","157.06"
2025/8/5,梨,"42.68","15.52","53.52","67.55","47.53"
2025/8/6,桃子,"12.38","81.13","13.97","129.56","164.96"
2025/8/6,文旦,"7.19","0","","","19.26"
2025/8/6,奇異果,"7.49","4.94","0","80.82","84.87"
2025/8/6,蘋果,"33.68","727.69","0.02","56.2","52.45"
2025/8/6,鳳梨,"32.62","0","33.52","39.01","27.86"
2025/8/6,西瓜,"100.41","0","39.19","18.22","13.7"
2025/8/6,芒果,"43.93","0","18.11","75.12","54.87"
2025/8/6,梨,"45.15","15.52","50.54","67.86","49.04"
2025/8/6,酪梨,"23.56","2.71","19.21","68.61","43.73"
2025/8/7,西瓜,"93.45","0","48.63","15.34","14.19"
2025/8/7,芒果,"42.83","0","28.01","84.03","61.1"
2025/8/7,文旦,"3.91","0","","","18.46"
2025/8/7,奇異果,"6.84","61.25","0","91.7","78.38"
2025/8/7,梨,"44.61","15.52","57.21","65.82","50.92"
2025/8/7,桃子,"12.25","96.54","11.77","129.35","182.47"
2025/8/7,鳳梨,"37.69","18.48","39.38","37.75","29.5"
2025/8/7,酪梨,"20.39","4.15","26.13","60.59","45.33"
2025/8/7,蘋果,"35.55","794.38","0.74","58.39","49.37"
2025/8/8,鳳梨,"36.28","18.48","37.59","37.05","27.21"
2025/8/8,芒果,"48.14","0","24.33","79.9","50.82"
2025/8/8,文旦,"2.85","0","","","18.75"
2025/8/8,梨,"50.74","0","53.09","64.19","50.68"
2025/8/8,西瓜,"63.92","0","24.56","12.47","14.88"
2025/8/8,蘋果,"31.58","602.37","0.36","51","56.02"
2025/8/8,桃子,"12.18","64.9","8.21","127.86","166.55"
2025/8/8,奇異果,"5.45","365.56","0","100.27","74.02"
2025/8/8,酪梨,"25.8","8.79","24.33","60.51","44.18"
2025/8/9,蘋果,"25.77","412.75","0.71","61.84","56.15"
2025/8/9,西瓜,"88.52","0","48.54","16.95","15.83"
2025/8/9,文旦,"7.87","0","","","19"
2025/8/9,鳳梨,"34.74","18.48","35.42","38.25","31.23"
2025/8/9,奇異果,"6.28","386.23","0","96.82","82.55"
2025/8/9,酪梨,"27.14","9.61","18.89","61.15","43.36"
2025/8/9,芒果,"38.1","0","20.67","86.2","62.32"
2025/8/9,梨,"52.12","0","57.56","65.41","50.93"
2025/8/9,桃子,"10.92","64.22","7.31","159.16","192.66"
2025/8/10,鳳梨,"35.09","0","31.81","32.61","29.76"
2025/8/10,梨,"54.73","0","51.35","61.39","52.12"
2025/8/10,蘋果,"35.23","346.06","0.52","58.94","58.31"
2025/8/10,桃子,"10.3","59.7","5.81","178.56","193.03"
2025/8/10,芒果,"38.79","0","20.31","79.61","65.03"
2025/8/10,西瓜,"82.87","0","50.55","14.89","14.95"
2025/8/10,酪梨,"25.97","8.18","16.48","57.77","45.19"
2025/8/10,奇異果,"9.83","329.92","0","95.27","83.5"
2025/8/10,文旦,"8.25","0","","","19.05"
2025/8/11,芒果,"45.37","0","","","53.73"
2025/8/11,鳳梨,"35.12","5.14","","","27"
2025/8/11,蘋果,"34.33","58.36","","","53.86"
2025/8/11,文旦,"19.01","0","","","17.09"
2025/8/11,奇異果,"10.83","20.67","","","78.09"
2025/8/11,梨,"54.81","0","","","47.14"
2025/8/11,桃子,"9.72","39.47","","","186.61"
2025/8/11,西瓜,"82.94","0","","","13.47"
2025/8/11,酪梨,"25.14","1.23","","","47.7"
2025/8/12,桃子,"12.37","51.97","7.03","148.41","165.64"
2025/8/12,西瓜,"76.18","0","67.13","19.04","12.09"
2025/8/12,蘋果,"37.34","288.59","0.42","55.42","47.15"
2025/8/12,文旦,"16.1","0","0.08","25","18.74"
2025/8/12,酪梨,"21.79","2.41","28.27","58.26","47.77"
2025/8/12,梨,"53.06","23.04","80.34","58.76","47.71"
2025/8/12,芒果,"44.6","0","18.81","86.06","53.01"
2025/8/12,奇異果,"13.36","0","0","85.69","89.56"
2025/8/12,鳳梨,"37.56","11.21","35.99","36.18","25.57"
2025/8/13,桃子,"8.65","84.1","5.12","184.44","199.71"
2025/8/13,鳳梨,"33.02","11.21","30.38","35.29","27.89"
2025/8/13,梨,"59.29","29.48","54.99","59.39","51.39"
2025/8/13,芒果,"36.3","0","14.16","83.91","69.86"
2025/8/13,酪梨,"24.92","2.41","20.17","59.23","46.3"
2025/8/13,西瓜,"65.99","0","59.26","18.27","15.99"
2025/8/13,文旦,"8.87","0","","","17.36"
2025/8/13,奇異果,"8.42","0","0","78.81","90.69"
2025/8/13,蘋果,"31.11","300.21","0.44","49.8","56.89"
2025/8/14,蘋果,"35.38","384.11","","","55.7"
2025/8/14,鳳梨,"34.63","6.07","","","29.06"
2025/8/14,桃子,"8.76","102.95","","","203.47"
2025/8/14,西瓜,"100.21","0","","","14.01"
2025/8/14,奇異果,"9.59","0","","","77.11"
2025/8/14,文旦,"14.87","0","","","18.42"
2025/8/14,芒果,"34.47","0","","","67.71"
2025/8/14,梨,"47.95","29.48","","","51.36"
2025/8/14,酪梨,"21.22","1.99","","","50.8"
2025/8/15,酪梨,"29.08","2.9","18.91","64.36","46.71"
2025/8/15,梨,"60.93","6.44","82.82","57.82","50.44"
2025/8/15,西瓜,"81.29","0","59.75","18.41","15.45"
2025/8/15,蘋果,"42.17","162.18","0.69","56.15","52.37"
2025/8/15,芒果,"49.12","0","12.59","90.47","57.44"
2025/8/15,奇異果,"6.82","0","0","92.33","80.81"
2025/8/15,鳳梨,"29.5","6.6","37.82","33.96","31.7"
2025/8/15,桃子,"9.55","108.79","2.94","187.98","200.67"
2025/8/15,文旦,"24.74","0","0.08","18","16.58"
2025/8/16,芒果,"40.68","0","8.3","96.07","65.25"
2025/8/16,奇異果,"8.6","79.5","0","85.76","77.81"
2025/8/16,梨,"61.93","0","60.7","59.73","53.54"
2025/8/16,酪梨,"26.03","4.75","14.34","61.6","47.38"
2025/8/16,鳳梨,"26.97","6.6","28.3","34.8","36.12"
2025/8/16,蘋果,"44.48","213.4","2.26","56.58","49.8"
2025/8/16,桃子,"7.35","97.81","2.63","200.82","191.88"
2025/8/16,西瓜,"75.56","0","29.87","26.57","16.06"
2025/8/16,文旦,"27.36","0","0.14","28.3","16.51"
2025/8/17,梨,"71.11","0","49.96","57.24","50.84"
2025/8/17,鳳梨,"32.41","6.6","23.04","35.41","31.14"
2025/8/17,蘋果,"46.89","129.5","1.15","54.35","54.61"
2025/8/17,文旦,"30.8","0","0.14","33.3","17.67"
2025/8/17,西瓜,"91.27","0","42.09","25.69","16.54"
2025/8/17,芒果,"36.84","0","9.15","106.38","67.6"
2025/8/17,奇異果,"8.63","79.5","0","88.78","88.63"
2025/8/17,桃子,"8.67","113.52","2.65","165.38","210.3"
2025/8/17,酪梨,"28.65","7.42","11.51","65.09","46.8"
2025/8/18,桃子,"11.35","74.44","","","216.81"
2025/8/18,鳳梨,"28.05","0","","","29.85"
2025/8/18,梨,"55.17","0","","","49.57"
2025/8/18,芒果,"35.25","0","","","62.54"
2025/8/18,酪梨,"22.15","5.34","","","52.52"
2025/8/18,蘋果,"40.48","69.7","","","53.35"
2025/8/18,文旦,"30.45","0","","","15.86"
2025/8/18,西瓜,"59.37","0","","","13.04"
2025/8/18,奇異果,"9.67","79.5","","","79.89"
2025/8/19,奇異果,"14.14","155.34","0","102.07","82.86"
2025/8/19,芒果,"38.59","0","10.91","107.63","54.75"
2025/8/19,西瓜,"63.74","0","139.43","16.69","13.42"
2025/8/19,鳳梨,"26.66","0","22.33","43.2","28.42"
2025/8/19,蘋果,"43.72","437.25","1.07","57.5","54.99"
2025/8/19,梨,"52.55","0","87.09","57.08","51.89"
2025/8/19,桃子,"9.45","67.26","1.44","181.41","188.7"
2025/8/19,文旦,"23.23","0","3.36","25.29","18.55"
2025/8/19,酪梨,"22.59","5.94","15.25","69.78","48.67"
2025/8/20,西瓜,"77.36","0","49.98","21.85","13.53"
2025/8/20,梨,"54.58","0.48","58.74","58.59","50.53"
2025/8/20,酪梨,"20.84","9.45","8.67","76.53","48.69"
2025/8/20,文旦,"26.75","0","5.1","24.83","18.42"
2025/8/20,桃子,"9.24","65.87","0.64","215.72","197.55"
2025/8/20,蘋果,"39.71","626.54","2.31","59.07","48.8"
2025/8/20,芒果,"31.63","0","7.34","98.23","56.2"
2025/8/20,奇異果,"10.14","374.85","0.05","83.28","79.66"
2025/8/20,鳳梨,"23.9","0","20.25","44.26","29.56"
2025/8/21,蘋果,"42.83","889.3","2.92","59.26","51.79"
2025/8/21,奇異果,"12.82","545.41","0.02","90.77","89.19"
2025/8/21,西瓜,"91.55","0","27.81","24.36","14.35"
2025/8/21,鳳梨,"24.55","6.82","19.49","45.42","32.56"
2025/8/21,酪梨,"19.73","13.49","9.65","77.46","55.46"
2025/8/21,梨,"51.54","0.48","54.43","57.76","54.6"
2025/8/21,桃子,"11.75","101.56","1.08","200.89","182.57"
2025/8/21,文旦,"35.85","0","24.46","20.37","21.51"
2025/8/21,芒果,"28.11","0","9.95","102.32","71.03"
2025/8/22,桃子,"15.76","141.79","0.28","175.04","156.32"
2025/8/22,芒果,"31.71","0","9.53","110.36","64.58"
2025/8/22,鳳梨,"20.77","6.82","25.35","46.03","35.72"
2025/8/22,奇異果,"7.05","591.3","0","95.97","76.22"
2025/8/22,西瓜,"65.43","0","51.17","20.45","18.58"
2025/8/22,蘋果,"43.58","544.63","2.04","61.72","54.94"
2025/8/22,梨,"60.16","0.48","47.3","61.36","55.61"
2025/8/22,酪梨,"22.01","11.04","13.06","82.13","56.94"
2025/8/22,文旦,"26.3","0","27.04","16.81","21.28"
2025/8/23,桃子,"9.33","153.36","0.26","184.55","193.86"
2025/8/23,西瓜,"83.97","0","34.75","20.96","13.62"
2025/8/23,蘋果,"38.43","404.22","1.78","58.25","53.47"
2025/8/23,酪梨,"23.76","4.87","12.94","80.56","50.88"
2025/8/23,文旦,"35.84","0","9.93","19.97","19.72"
2025/8/23,鳳梨,"26.48","6.82","21.07","45.7","34.12"
2025/8/23,芒果,"21.52","0","7.93","116.84","70.69"
2025/8/23,梨,"57.55","10.8","55.08","64.39","58.27"
2025/8/23,奇異果,"10.59","371.79","0","91.07","85.68"
2025/8/24,奇異果,"9.77","201.23","0","86.5","80.27"
2025/8/24,鳳梨,"25.39","0","13.1","44.28","33.81"
2025/8/24,梨,"58.11","10.8","41.37","64.22","57.77"
2025/8/24,酪梨,"25.9","0.99","9.93","82.94","47.41"
2025/8/24,桃子,"6.48","123.07","0.47","163.64","216.36"
2025/8/24,芒果,"16.96","0","5.16","123.68","80.99"
2025/8/24,蘋果,"32.04","162.05","0.83","56.03","57.63"
2025/8/24,西瓜,"48.79","0","37.37","22.48","18.9"
2025/8/24,文旦,"42.82","0","3.4","29.76","20.13"
2025/8/25,桃子,"9.25","56.31","","","194.17"
2025/8/25,蘋果,"41.41","76.33","","","54.22"
2025/8/25,梨,"56.6","10.8","","","55.42"
2025/8/25,文旦,"43.41","0","","","23.62"
2025/8/25,酪梨,"19.71","0.99","","","57.23"
2025/8/25,奇異果,"9.15","0","","","81.97"
2025/8/25,鳳梨,"20.32","0","","","36.08"
2025/8/25,西瓜,"74.11","0","","","14.76"
2025/8/25,芒果,"30.13","0","","","64.52"
2025/8/26,文旦,"64.18","0","17.45","23.17","24.6"
2025/8/26,西瓜,"80.93","0","82.37","18.64","14.88"
2025/8/26,奇異果,"18.88","0","0","103.66","82.97"
2025/8/26,梨,"64.11","1.58","72.95","67.09","50.68"
2025/8/26,酪梨,"21.93","4.45","11.49","91.38","58.18"
2025/8/26,蘋果,"47.38","370.05","0.87","56.3","51.54"
2025/8/26,芒果,"24.94","0","7.19","126.87","57.13"
2025/8/26,桃子,"11.36","39.22","0.16","198.15","190.18"
2025/8/26,鳳梨,"24.21","0","25.44","46.31","33.25"
2025/8/27,梨,"64.47","25.1","46.72","64.06","53.95"
2025/8/27,酪梨,"21.49","3.46","9.92","85.04","55.63"
2025/8/27,文旦,"53.48","0","25.12","22.21","24.17"
2025/8/27,蘋果,"37.54","600.79","0.88","60.3","54.48"
2025/8/27,鳳梨,"16.43","0","19.6","45.36","38.76"
2025/8/27,西瓜,"58.17","0","34.63","17.69","17.55"
2025/8/27,桃子,"9.78","60.61","0.07","201.73","204.43"
2025/8/27,芒果,"18.18","0","3.79","141.89","64.04"
2025/8/27,奇異果,"7.88","0","0","78.13","84.85"
2025/8/28,文旦,"67.35","0","6.43","23.47","23.68"
2025/8/28,梨,"49.07","41.3","37.28","61.9","59.05"
2025/8/28,蘋果,"31.11","718.88","0.31","60.43","52.44"
2025/8/28,酪梨,"17.4","3.46","7.78","84.41","64.25"
2025/8/28,桃子,"8.61","93.72","0.15","175.7","208.22"
2025/8/28,芒果,"14.26","0","4.25","130.76","83.82"
2025/8/28,西瓜,"56.18","0","16.18","22.41","19.57"
2025/8/28,鳳梨,"16.62","0","15.33","39.21","36.73"
2025/8/28,奇異果,"8.52","164.24","0","85.92","82.82"
2025/8/29,西瓜,"81.04","0","76.5","18.8","16.71"
2025/8/29,鳳梨,"16.14","0","15.65","44.04","40.94"
2025/8/29,蘋果,"45.78","607.86","0.85","51.44","52.85"
2025/8/29,梨,"59.33","61.5","48.53","64.25","58.64"
2025/8/29,奇異果,"7.46","363.44","0","89.02","83.5"
2025/8/29,酪梨,"24.7","10.24","8.41","88.85","59.21"
2025/8/29,芒果,"27.29","0","4.42","132.49","64.35"
2025/8/29,文旦,"69.22","0","7.79","30.01","22.66"
2025/8/29,桃子,"10.47","75.03","0.29","137.72","199.25"
2025/8/30,鳳梨,"18.08","0","20.16","39.11","40.15"
2025/8/30,芒果,"16.86","0","4.94","143.78","85.16"
2025/8/30,西瓜,"86.95","0","47.8","21.09","17.47"
2025/8/30,文旦,"80.81","0","18.7","23.82","22.8"
2025/8/30,桃子,"7.98","65.5","0.32","248.94","221.57"
2025/8/30,酪梨,"22.91","11.67","8.44","93.54","54.86"
2025/8/30,蘋果,"44.41","691.28","2.05","59.38","56.68"
2025/8/30,梨,"66.3","43.38","46.65","66.88","59.81"
2025/8/30,奇異果,"7.13","479.85","0","77.46","85.65"
2025/8/31,文旦,"109.93","0","23.19","26.4","27.21"
2025/8/31,桃子,"9.14","62.25","0.18","204.64","236.86"
2025/8/31,西瓜,"67.83","0","84.03","15.57","20.02"
2025/8/31,酪梨,"19.18","11.67","7.99","96.08","60.71"
2025/8/31,鳳梨,"17.55","6.6","14.82","38.56","40.76"
2025/8/31,芒果,"13.5","0","4.05","154.12","85.45"
2025/8/31,梨,"64.99","27.18","48.09","66.66","64.53"
2025/8/31,蘋果,"35.26","573.19","1.16","62.69","51.24"
2025/8/31,奇異果,"8.27","315.61","0","92.66","95.75"
2025/9/1,文旦,"96.82","0","","","22.74"
2025/9/1,酪梨,"19.59","1.44","","","63.47"
2025/9/1,蘋果,"42.97","341.6","","","57.3"
2025/9/1,芒果,"18.18","0","","","78"
2025/9/1,奇異果,"11.98","116.41","","","77.65"
2025/9/1,梨,"56.82","5.4","","","62.57"
2025/9/1,西瓜,"88.93","0","","","15.13"
2025/9/1,桃子,"13.23","54.09","","","175.75"
2025/9/1,鳳梨,"23.87","6.6","","","36.72"
2025/9/2,桃子,"8.89","136.8","0.17","184.61","153.57"
2025/9/2,芒果,"16.99","0","5.51","152.52","66.7"
2025/9/2,奇異果,"14.95","0","0","82.8","90.72"
2025/9/2,文旦,"92.69","0","36.05","24.75","20.85"
2025/9/2,蘋果,"46.39","112.76","1.1","63.16","56.57"
2025/9/2,酪梨,"16.12","2.13","12.62","96.04","62.68"
2025/9/2,西瓜,"75.24","0","72.29","20.11","13.5"
2025/9/2,鳳梨,"23.5","6.6","20.91","42.18","33.71"
2025/9/2,梨,"69.25","21.6","61.92","66.81","56.68"
2025/9/3,鳳梨,"17.38","0","15.78","41.11","38.35"
2025/9/3,蘋果,"28.38","283.03","0.8","62.13","55.33"
2025/9/3,桃子,"13.26","125.1","0.26","205.54","204.38"
2025/9/3,西瓜,"83.2","0","82.67","19.65","16.58"
2025/9/3,酪梨,"17.58","2.13","10.17","96.54","62.79"
2025/9/3,文旦,"94.45","0","20.42","25.52","25.05"
2025/9/3,芒果,"12.27","0","4.08","139.69","76.57"
2025/9/3,奇異果,"10.14","91.67","0","82.91","94.42"
2025/9/3,梨,"60.65","53.42","44.41","71.71","63.84"
2025/9/4,奇異果,"7.84","303.14","0","86.8","81.04"
2025/9/4,桃子,"14.42","153.83","0.06","187.9","176.93"
2025/9/4,梨,"54.15","100.04","57.42","68.56","67.57"
2025/9/4,芒果,"10.77","0","4.96","134.61","86.6"
2025/9/4,蘋果,"34.73","709.32","0.47","61.75","53.72"
2025/9/4,西瓜,"70.72","0","73.86","16.5","16.39"
2025/9/4,文旦,"96.71","0","25.57","27.26","24.25"
2025/9/4,鳳梨,"14.97","0","18.27","40.81","37.01"
2025/9/4,酪梨,"14.17","8.88","11.61","95.62","65.77"
2025/9/5,文旦,"87.52","0","34.99","29.82","24.81"
2025/9/5,桃子,"12.05","88.27","0.02","192.64","153.42"
2025/9/5,奇異果,"7.66","381.39","0","94.76","82.61"
2025/9/5,酪梨,"17.38","7.69","16.18","92.42","69.03"
2025/9/5,西瓜,"93.55","0","76.74","19.65","16.38"
2025/9/5,蘋果,"46.97","1,007.68","2.11","61.74","54.53"
2025/9/5,芒果,"17.21","0","4.65","157.61","69.52"
2025/9/5,鳳梨,"19.01","0","23.93","39.71","41.19"
2025/9/5,梨,"58.63","83.84","50.79","72.29","63.71"
2025/9/6,西瓜,"52.91","0","56.46","20.29","18.2"
2025/9/6,酪梨,"18.27","8.71","10.43","91.01","64.12"
2025/9/6,鳳梨,"19.9","0","22.78","33.88","40.3"
2025/9/6,蘋果,"38.95","904.3","1","60.18","51.12"
2025/9/6,梨,"58.41","52.02","35.78","70.82","65.64"
2025/9/6,芒果,"9.64","0","3.36","170.82","76.74"
2025/9/6,桃子,"7.11","92.36","0.06","224.74","187.84"
2025/9/6,奇異果,"5.48","300.51","0","85.77","78.67"
2025/9/6,文旦,"97.98","0","21.44","36.57","24.93"
2025/9/7,蘋果,"41.91","478.02","","","53.95"
2025/9/7,奇異果,"7.61","89.04","","","85.78"
2025/9/7,芒果,"9.15","0","","","84.41"
2025/9/7,鳳梨,"21.37","0","","","36.77"
2025/9/7,桃子,"15.78","65.77","","","141.8"
2025/9/7,文旦,"120.07","0","","","24.29"
2025/9/7,梨,"63.47","5.4","","","71.99"
2025/9/7,酪梨,"17.89","2.63","","","67.38"
2025/9/7,西瓜,"59.68","0","","","18.39"
2025/9/8,文旦,"86.4","0","","","25.55"
2025/9/8,鳳梨,"18.52","6.6","","","35.65"
2025/9/8,酪梨,"19.5","1.69","","","66.56"
2025/9/8,桃子,"11.93","45.01","","","167.17"
2025/9/8,梨,"62.23","0","","","67.01"
2025/9/8,西瓜,"83","0","","","15.14"
2025/9/8,奇異果,"10.47","10.79","","","86.83"
2025/9/8,芒果,"10.63","0","","","65.68"
2025/9/8,蘋果,"45.78","66.89","","","52.72"
2025/9/9,梨,"60.87","72.05","46.45","80.89","64.05"
2025/9/9,奇異果,"12.93","16.92","0.14","91.03","80.92"
2025/9/9,酪梨,"18.57","4.61","11","98.91","67.56"
2025/9/9,文旦,"72.49","0","50.2","26.93","26.94"
2025/9/9,鳳梨,"22.06","6.6","22.81","40.02","31.15"
2025/9/9,蘋果,"44.84","242.59","0.54","63.85","49.34"
2025/9/9,桃子,"11.64","59.2","0.17","215.38","155.78"
2025/9/9,西瓜,"67.14","0","104.24","18.97","13.99"
2025/9/9,芒果,"9.46","0","4.23","146.93","65.5"
2025/9/10,鳳梨,"16","6.6","18.91","34.78","31.09"
2025/9/10,奇異果,"13.93","144.46","0.03","81.73","82.27"
2025/9/10,蘋果,"39.78","515.59","0.95","55.46","53.89"
2025/9/10,文旦,"78.05","0","21.55","37.75","26.07"
2025/9/10,芒果,"7.87","0","1.76","141.47","72.1"
2025/9/10,桃子,"6.21","62.88","0.05","200.85","167.79"
2025/9/10,梨,"53.86","88.25","24.84","82.55","69.32"
2025/9/10,西瓜,"62.52","0","62.96","20.17","15.16"
2025/9/10,酪梨,"18.46","3.95","10.04","95.37","66.35"
2025/9/11,文旦,"60.34","0","39.98","38.34","26.59"
2025/9/11,奇異果,"11.09","181.98","0","83.65","74.37"
2025/9/11,梨,"40.31","122.32","28.95","84.86","72.38"
2025/9/11,鳳梨,"17.05","0","15.68","30.53","31.29"
2025/9/11,蘋果,"26.56","628.08","0.53","63.73","56.8"
2025/9/11,西瓜,"55.45","0","66.14","16.95","16.64"
2025/9/11,酪梨,"13.32","10.4","9.45","92.7","68.56"
2025/9/11,桃子,"7.15","64.14","0","202.74","152.9"
2025/9/11,芒果,"5.84","0","1.62","153.53","72.88"
2025/9/12,桃子,"10.62","41.33","0.22","183.08","143.64"
2025/9/12,西瓜,"70.8","0","38.6","20.36","15.03"
2025/9/12,文旦,"78.8","0","24.9","36.89","25.81"
2025/9/12,梨,"58.69","75.87","33.49","85.15","74.31"
2025/9/12,酪梨,"17.57","7.5","11.16","89.16","67.59"
2025/9/12,鳳梨,"17.26","0","14.29","33.37","34.02"
2025/9/12,奇異果,"5.88","269.12","0.06","99.43","82.7"
2025/9/12,蘋果,"32.87","566.68","0.98","61.16","61.37"
2025/9/12,芒果,"8.77","0","1.32","155.74","69.92"
2025/9/13,鳳梨,"21.4","0","14.67","34.56","36.11"
2025/9/13,芒果,"6.69","0","1.48","171.63","77.02"
2025/9/13,奇異果,"3.1","141.58","0.03","90.75","75.63"
2025/9/13,桃子,"6.23","50.25","0.13","189.71","174.76"
2025/9/13,蘋果,"38.95","345.24","1.08","65.08","58.75"
2025/9/13,梨,"55.05","106.46","38.07","101.65","73.13"
2025/9/13,酪梨,"18.48","8.94","10.4","91.06","63.55"
2025/9/13,西瓜,"45.18","0","72.89","18.82","16.3"
2025/9/13,文旦,"67.09","0","38.37","30.28","25.46"
2025/9/14,文旦,"46.16","0","17.69","36.21","26.04"
2025/9/14,桃子,"6.11","53.98","0.06","194.96","175.37"
2025/9/14,西瓜,"51.4","0","49.69","17.76","16.25"
2025/9/14,梨,"57.48","73.41","28.79","84.48","69.81"
2025/9/14,奇異果,"8.09","104.07","0.08","95.76","91.85"
2025/9/14,蘋果,"40.06","232.75","0.47","63.79","52.89"
2025/9/14,鳳梨,"22.43","0","15.12","33.52","31.02"
2025/9/14,芒果,"6.94","0","1.37","163.38","80.7"
2025/9/14,酪梨,"19.8","2.48","7.88","93.27","63.87"
2025/9/15,梨,"54.59","48.23","","","71.3"
2025/9/15,西瓜,"50.95","0","","","13.93"
2025/9/15,芒果,"6.47","0","","","62.58"
2025/9/15,鳳梨,"20.3","0","","","26.9"
2025/9/15,蘋果,"38.97","51.56","","","53.84"
2025/9/15,文旦,"69.69","0","","","24.21"
2025/9/15,桃子,"7.02","40.25","","","155.33"
2025/9/15,酪梨,"17.04","1.44","","","64.34"
2025/9/15,奇異果,"9.36","0","","","79.39"
2025/9/16,文旦,"39.86","0","75.1","31.45","28.72"
2025/9/16,芒果,"5.23","0","2.12","163.2","80.15"
2025/9/16,酪梨,"15.02","3.04","9.71","94.94","64.02"
2025/9/16,西瓜,"43.78","0","82.97","17.32","17.19"
2025/9/16,鳳梨,"20.79","12.93","17.32","40.13","29.62"
2025/9/16,桃子,"5.31","42.01","0","261.5","193.18"
2025/9/16,奇異果,"11","66.94","0.17","88.17","87.44"
2025/9/16,蘋果,"38.92","165.57","0.41","59.02","55.07"
2025/9/16,梨,"48.31","87.35","44.07","96.65","72.82"
2025/9/17,梨,"47.69","104.27","34.97","86.76","71"
2025/9/17,文旦,"52.55","0","40.69","31.94","28.78"
2025/9/17,蘋果,"37.13","172.46","0.23","50.91","55.12"
2025/9/17,酪梨,"13.34","3.04","9.3","96.6","69.88"
2025/9/17,西瓜,"44.87","0","76.12","15.75","15.45"
2025/9/17,桃子,"3.57","31.45","0","239.43","172.14"
2025/9/17,鳳梨,"15.11","12.93","12.44","46.09","28.63"
2025/9/17,奇異果,"13.62","66.94","0.08","80.97","80.23"
2025/9/17,芒果,"4.64","0","1.04","139.31","69.24"
2025/9/18,芒果,"4.09","0","1.25","175.41","60.91"
2025/9/18,鳳梨,"15.43","17.35","11.07","41.17","25.27"
2025/9/18,蘋果,"42.63","288.58","0.27","60.11","50.33"
2025/9/18,文旦,"48.16","0","27.34","41.68","24.14"
2025/9/18,酪梨,"11.96","5.83","9.6","91.12","74.28"
2025/9/18,西瓜,"42.28","0","49.93","15.98","11.57"
2025/9/18,奇異果,"9.87","124.29","0.12","94.47","79.87"
2025/9/18,梨,"45.94","137.55","33.03","82.32","67.39"
2025/9/18,桃子,"12.91","43.36","0","298.55","145.83"
2025/9/19,芒果,"6.89","0","1.29","156.13","65.05"
2025/9/19,酪梨,"12.55","6.18","11.21","91.04","75.14"
2025/9/19,梨,"60.18","100.11","43.7","84.43","70.87"
2025/9/19,奇異果,"4.45","231.06","0.18","87.21","76.26"
2025/9/19,文旦,"71.94","0","29.66","34.16","24.77"
2025/9/19,鳳梨,"17.5","11.02","15.51","37.67","29.39"
2025/9/19,西瓜,"33.73","0","86.45","14.25","14.16"
2025/9/19,桃子,"6.48","39.07","0","252.27","187.94"
2025/9/19,蘋果,"27.7","416.22","0.65","58.91","51.5"
2025/9/20,文旦,"28.1","0","38.8","32.49","25.08"
2025/9/20,奇異果,"6.28","297.07","0.09","83.99","79.04"
2025/9/20,芒果,"3.67","0","1.15","163.03","71.83"
2025/9/20,西瓜,"34.59","0","126.63","12.8","17.44"
2025/9/20,鳳梨,"15.16","11.02","16.6","38.91","31.99"
2025/9/20,酪梨,"12.64","11.12","10.81","90.28","73.08"
2025/9/20,梨,"36.76","101.83","55.79","82.49","70.66"
2025/9/20,桃子,"3.11","44.94","0","295.98","188.9"
2025/9/20,蘋果,"31.14","531.72","1.26","68.63","52.3"
2025/9/21,梨,"29.02","68.11","45.04","86.1","74.97"
2025/9/21,芒果,"3.84","0","1.26","150.92","74.73"
2025/9/21,鳳梨,"10.56","6.6","13.6","36.95","36.2"
2025/9/21,西瓜,"26.24","0","92.82","13.69","19.19"
2025/9/21,文旦,"29.1","0","25.84","38.23","22.48"
2025/9/21,蘋果,"34.43","416.4","0.45","52.68","56.56"
2025/9/21,酪梨,"14.74","8.33","7.88","91.71","72.53"
2025/9/21,桃子,"4.03","45.08","0","219.77","162.13"
2025/9/21,奇異果,"4.14","239.72","0.08","81.78","82.1"
2025/9/22,酪梨,"13.54","4.94","","","70.44"
2025/9/22,西瓜,"40.02","0","","","16.88"
2025/9/22,梨,"50.81","19.65","","","72.01"
2025/9/22,奇異果,"5.77","66.01","","","82.77"
2025/9/22,鳳梨,"13.79","0","","","33.88"
2025/9/22,蘋果,"40.86","125.77","","","53.42"
2025/9/22,桃子,"4.07","29.91","","","191.45"
2025/9/22,文旦,"50.09","0","","","23.9"
2025/9/22,芒果,"4.88","0","","","74.77"
2025/9/23,梨,"60.86","36.77","61.11","76.3","68.88"
2025/9/23,西瓜,"23.32","0","88.99","13.59","17.7"
2025/9/23,蘋果,"39.68","139.72","0.9","57.82","50.78"
2025/9/23,酪梨,"17.42","3.1","10.8","94.6","68.15"
2025/9/23,文旦,"43.12","0","38.03","34.94","26.68"
2025/9/23,桃子,"3.81","20.48","0","275.36","155.53"
2025/9/23,奇異果,"14.63","0","0.02","81.98","84.27"
2025/9/23,芒果,"4.45","0","1.69","162.3","69.97"
2025/9/23,鳳梨,"17.66","0","17.28","41.04","35.44"
2025/9/24,鳳梨,"12.53","0","14.11","40.33","39.64"
2025/9/24,奇異果,"16.93","0","0.09","91.83","88.84"
2025/9/24,西瓜,"60.61","0","28.22","19.03","15.83"
2025/9/24,文旦,"20.16","0","12.7","49.09","18.34"
2025/9/24,芒果,"4.37","0","1.38","155.68","78.19"
2025/9/24,梨,"37.99","36.81","44.59","87.52","64.28"
2025/9/24,蘋果,"37.06","291.7","0.28","59.78","53.13"
2025/9/24,桃子,"3.75","11.25","0","256.04","174.18"
2025/9/24,酪梨,"14.24","3.1","3.56","92.35","71.83"
2025/9/25,芒果,"3.6","0","","","67.24"
2025/9/25,西瓜,"49.46","0","","","15.12"
2025/9/25,蘋果,"39.18","326.75","","","50.19"
2025/9/25,奇異果,"10.42","0","","","74.86"
2025/9/25,文旦,"16.31","0","","","20.97"
2025/9/25,桃子,"3.99","16.72","","","161.28"
2025/9/25,梨,"43.38","36.87","","","65.51"
2025/9/25,鳳梨,"15.02","0","","","32.1"
2025/9/25,酪梨,"13.74","4.83","","","74.35"
2025/9/26,西瓜,"39.79","0","64.62","16.19","16.83"
2025/9/26,文旦,"31.64","0","53.19","26.53","19.2"
2025/9/26,酪梨,"13.83","1.73","8.18","104.8","73.41"
2025/9/26,奇異果,"6.7","70.37","0.25","98.29","82.3"
2025/9/26,蘋果,"37.57","275.19","1.89","63.23","52.66"
2025/9/26,芒果,"4.41","0","1.23","141.13","67.14"
2025/9/26,鳳梨,"15.38","0","17.24","41.78","32.83"
2025/9/26,桃子,"3.88","14.87","0","260.38","197.57"
2025/9/26,梨,"46.49","21.8","71.03","84.44","67.11"
2025/9/27,西瓜,"43","0","90.54","15.98","17.89"
2025/9/27,芒果,"3.09","0","1.15","132.01","80.6"
2025/9/27,酪梨,"14.72","11.87","11.22","97.07","69.49"
2025/9/27,文旦,"22.39","0","45.14","44.72","24.32"
2025/9/27,鳳梨,"13.67","0","16.48","39.14","33.91"
2025/9/27,桃子,"2.56","17.35","0","264.58","224.88"
2025/9/27,奇異果,"9.08","165.05","0.15","84.47","87.24"
2025/9/27,梨,"44.92","59.07","64.13","91.46","67.06"
2025/9/27,蘋果,"38.8","336.92","0.88","63.76","54.78"
2025/9/28,文旦,"13.48","0","16.86","35.21","17.49"
2025/9/28,鳳梨,"14.09","0","11.79","37.82","36.41"
2025/9/28,西瓜,"47.6","0","76.66","15.58","19.82"
2025/9/28,桃子,"3.29","12.52","0","250.6","208.07"
2025/9/28,奇異果,"7.95","165.05","0.1","97.14","82.22"
2025/9/28,芒果,"3.8","0","1.36","133.29","80.27"
2025/9/28,酪梨,"16.29","11.31","9.05","92.22","69.85"
2025/9/28,蘋果,"35.34","326.43","0.13","58.96","54.45"
2025/9/28,梨,"39.86","65.62","57.79","74.91","66.02"
2025/9/29,文旦,"10.92","0","","","19.15"
2025/9/29,鳳梨,"13.04","0","","","30.91"
2025/9/29,桃子,"2.38","8.64","","","206.92"
2025/9/29,西瓜,"35.07","0","","","15.69"
2025/9/29,奇異果,"5.56","94.68","","","82.05"
2025/9/29,芒果,"2.92","0","","","77.33"
2025/9/29,酪梨,"14.07","11.31","","","69.38"
2025/9/29,梨,"32.61","43.92","","","66.1"
2025/9/29,蘋果,"34.09","241.65","","","57.85"
2025/9/30,西瓜,"32.41","0","106.92","14.73","17.42"
2025/9/30,文旦,"11.03","0","24.43","38.07","18.24"
2025/9/30,桃子,"3.06","0.7","","","184.93"
2025/9/30,鳳梨,"11.49","0","11.64","41","33.76"
2025/9/30,蘋果,"30.09","52.47","0.49","64.58","57.59"
2025/9/30,芒果,"2.94","0","1.51","128.4","69.78"
2025/9/30,梨,"21.74","50.34","72.78","74.09","73.81"
2025/9/30,奇異果,"10.14","0","0.27","86.55","89.29"
2025/9/30,酪梨,"8.87","2.34","11.39","98.07","74.91"
2025/10/1,鳳梨,"13.74","6.73","11.78","39.93","32.8"
2025/10/1,桃子,"3.82","0.13","","","235.15"
2025/10/1,芒果,"1.77","0","0.73","131.84","85.3"
2025/10/1,蘋果,"33.96","370.31","0.17","67.06","51.41"
2025/10/1,梨,"32.68","89.9","60.88","73.09","62.36"
2025/10/1,西瓜,"43.89","0","60.56","16.12","16.09"
2025/10/1,酪梨,"15.19","1.17","9.91","88.79","73.97"
2025/10/1,奇異果,"9.42","144.41","0.03","75.82","80.98"
2025/10/1,文旦,"5.48","0","18.19","36.59","18.77"
2025/10/2,芒果,"2.03","0","0.98","140.16","87.57"
2025/10/2,梨,"35.75","89.9","60.31","73.96","63.64"
2025/10/2,鳳梨,"13.22","13.57","6.25","45.07","34.27"
2025/10/2,蘋果,"38.58","704.88","0.74","74.52","51.7"
2025/10/2,桃子,"4.07","0.13","","","165.9"
2025/10/2,西瓜,"52.02","0","63.7","16.43","18.68"
2025/10/2,酪梨,"12.44","7.4","9.16","83.29","69.22"
2025/10/2,奇異果,"6.1","157.41","0.08","95.46","86.57"
2025/10/2,文旦,"4.32","0","26.66","30.02","15.69"
2025/10/3,文旦,"2.86","0","28.1","53.48","15.43"
2025/10/3,奇異果,"4.65","204.61","0.14","88.48","91.55"
2025/10/3,梨,"29.48","56.98","59.56","67.42","67.48"
2025/10/3,芒果,"3.9","0","0.75","139.67","95.14"
2025/10/3,桃子,"1.56","0.11","","","144.16"
2025/10/3,鳳梨,"9.56","13.57","12.34","43.54","36.06"
2025/10/3,蘋果,"29.37","832.07","1.41","68.46","62.51"
2025/10/3,西瓜,"43.62","0","90.09","15.3","20.67"
2025/10/3,酪梨,"9.7","18.12","9.34","85.81","75.59"
2025/10/4,蘋果,"30.97","545.1","1.16","70.59","59.94"
2025/10/4,鳳梨,"12.56","6.84","14.38","39.88","36.84"
2025/10/4,酪梨,"12.23","19.55","7.24","89.87","72.71"
2025/10/4,桃子,"2.17","0.1","","","181"
2025/10/4,奇異果,"4.53","102.2","0.18","84.39","94.64"
2025/10/4,西瓜,"25.92","0","75.78","16.27","19.47"
2025/10/4,芒果,"2.17","0","0.78","135.09","85.95"
2025/10/4,梨,"30.76","27","61.67","66.94","60.86"
2025/10/4,文旦,"1.51","0","9.63","39.82","19.14"
2025/10/5,西瓜,"44.63","0","101.66","15.48","18.97"
2025/10/5,蘋果,"43.52","210.53","0.56","65.22","66.72"
2025/10/5,鳳梨,"12.64","0","14.67","45.47","35.54"
2025/10/5,酪梨,"14.61","13.61","6.19","90.66","69.82"
2025/10/5,文旦,"2.89","0","11.4","26.68","19.99"
2025/10/5,奇異果,"9.72","89.42","0.18","89.79","89.07"
2025/10/5,梨,"36.71","27","47.83","71.1","64.56"
2025/10/5,桃子,"1.49","0.1","","","201.91"
2025/10/5,芒果,"2.98","0","1.05","131.56","79.44"
2025/10/6,蘋果,"46.4","58.01","0","55.15","61.62"
2025/10/6,桃子,"0.64","0.05","","","176.98"
2025/10/6,酪梨,"10.75","1.73","3.54","90.5","74.78"
2025/10/6,梨,"34.97","16.2","2.38","77.28","61.59"
2025/10/6,芒果,"2.18","0","0.58","155.54","78.18"
2025/10/6,西瓜,"37.74","0","41.73","13.28","16.09"
2025/10/6,鳳梨,"11.05","0","9.75","42.11","35.96"
2025/10/6,奇異果,"9.93","42.51","0.05","89.48","83.93"
2025/10/6,文旦,"1.18","0","5.84","25.57","22.25"
2025/10/7,文旦,"4.74","0","","","15.95"
2025/10/7,桃子,"1.36","0","","","235.53"
2025/10/7,酪梨,"10.87","3.47","","","77.56"
2025/10/7,蘋果,"41.21","6.53","","","59.16"
2025/10/7,梨,"34.83","0","","","63.7"
2025/10/7,奇異果,"17.78","0.52","","","79.81"
2025/10/7,西瓜,"31.43","0","","","20.5"
2025/10/7,鳳梨,"12.43","6.82","","","33.9"
2025/10/7,芒果,"2.04","0","","","71.3"
2025/10/8,蘋果,"39.26","95.48","","","59.71"
2025/10/8,芒果,"1.42","0","","","76.1"
2025/10/8,桃子,"0.64","0","","","277.65"
2025/10/8,鳳梨,"14.89","6.82","","","35.15"
2025/10/8,酪梨,"12.13","4.11","","","68.81"
2025/10/8,西瓜,"52.72","0","","","15.72"
2025/10/8,文旦,"3.03","0","","","15.32"
2025/10/8,梨,"34.7","0.83","","","60.99"
2025/10/8,奇異果,"7.84","46.39","","","83.25"
2025/10/9,鳳梨,"15.99","6.82","13.97","45.62","29.47"
2025/10/9,桃子,"0.49","0","","","331.32"
2025/10/9,梨,"30.97","1.67","39.61","64.52","67.97"
2025/10/9,酪梨,"12.98","4.73","7.86","94.82","68.95"
2025/10/9,文旦,"4.61","0","2.08","26.83","16.44"
2025/10/9,西瓜,"56.85","0","124.25","12.9","14.1"
2025/10/9,奇異果,"5.54","52.82","0.19","94.5","77.32"
2025/10/9,蘋果,"43.51","255.21","0.95","67.8","66.39"
2025/10/9,芒果,"1.18","0","0.65","181.09","87.58"
2025/10/10,鳳梨,"12","0","8.74","46.94","34.16"
2025/10/10,西瓜,"53.23","0","112.66","13.85","16.05"
2025/10/10,文旦,"1.25","0","1.02","38.02","23.99"
2025/10/10,梨,"28.7","1.67","35.72","71.21","64.12"
2025/10/10,酪梨,"10.66","1.56","7.54","94.98","71.5"
2025/10/10,桃子,"0.23","0","","","291.34"
2025/10/10,奇異果,"6.19","57.8","0.14","91.42","89.73"
2025/10/10,芒果,"1.77","0","0.05","305.63","81.11"
2025/10/10,蘋果,"40.99","391.85","0.32","67.61","67.59"
2025/10/11,芒果,"1.08","0","0.34","189.09","81.95"
2025/10/11,酪梨,"10.38","3.03","9.27","89.07","64.87"
2025/10/11,西瓜,"38.66","0","77.64","15.2","13.67"
2025/10/11,梨,"25.99","0.83","38.28","69.26","61.59"
2025/10/11,桃子,"0.47","0.16","","","365.41"
2025/10/11,文旦,"1.5","0","4.18","29","25.03"
2025/10/11,鳳梨,"11.7","0","9.13","46.92","30.53"
2025/10/11,奇異果,"4.7","12.02","0.16","92.34","97.99"
2025/10/11,蘋果,"31.3","341.85","0.71","65.31","63.97"
2025/10/12,文旦,"1.38","0","1.85","41.52","18.74"
2025/10/12,西瓜,"39.71","0","69.55","13.92","15.18"
2025/10/12,酪梨,"11.47","5.02","7.91","85.47","69.33"
2025/10/12,桃子,"0.35","0.16","","","383.09"
2025/10/12,蘋果,"33.29","182.12","0","62.68","63.2"
2025/10/12,鳳梨,"13.11","0","7.93","46.45","33.49"
2025/10/12,芒果,"1.23","0","0.2","251.03","79.19"
2025/10/12,梨,"26.43","0","36.48","63.65","66.21"
2025/10/12,奇異果,"6.52","5.54","0.1","85.87","88.72"
2025/10/13,梨,"21.63","0","","","64.54"
2025/10/13,西瓜,"25.68","0","","","13.12"
2025/10/13,酪梨,"10.61","5.02","","","64.86"
2025/10/13,文旦,"2.22","0","","","15.17"
2025/10/13,芒果,"1.08","0","","","83.53"
2025/10/13,桃子,"0.36","0.16","","","386"
2025/10/13,蘋果,"51.6","38.97","","","65.88"
2025/10/13,奇異果,"6.75","0.57","","","88.05"
2025/10/13,鳳梨,"12.3","0","","","31.42"
2025/10/14,梨,"27.47","7.68","63.93","63.88","67.35"
2025/10/14,蘋果,"42.46","66.57","0.38","73.71","69.64"
2025/10/14,西瓜,"30.71","0","121.95","13.73","12.39"
2025/10/14,奇異果,"9.02","126.45","0","91.57","83.91"
2025/10/14,文旦,"2.32","0","1.63","41.34","20.39"
2025/10/14,鳳梨,"16.08","0","9.87","49.97","24.49"
2025/10/14,酪梨,"11.75","5.94","7.8","88.26","65.2"
2025/10/14,芒果,"0.86","0","0.1","188.79","74.65"
2025/10/14,桃子,"0.68","0","","","213.25"
2025/10/15,文旦,"1.17","0","0.4","64.6","15.9"
2025/10/15,蘋果,"35.49","117.03","0.22","64.14","71.11"
2025/10/15,梨,"28.75","7.68","46.47","61.09","64.29"
2025/10/15,桃子,"0.31","0","0","568.6","301.99"
2025/10/15,奇異果,"11.09","177.89","0","83.39","84.24"
2025/10/15,酪梨,"10.49","9.78","6.91","88.49","67.89"
2025/10/15,西瓜,"42.89","0","71.15","13.67","12.4"
2025/10/15,芒果,"0.93","0","0.14","197.16","84.25"
2025/10/15,鳳梨,"14.29","0","9.63","48.78","30.55"
2025/10/16,文旦,"1.6","0","0.88","50","27.61"
2025/10/16,鳳梨,"16.7","0","3.74","41.91","29.06"
2025/10/16,桃子,"0.45","0","","","377.89"
2025/10/16,酪梨,"10.88","11.6","5.92","82.76","72.27"
2025/10/16,奇異果,"7.54","288.15","0.04","84.32","75.21"
2025/10/16,芒果,"0.4","0","0.06","188.98","79.57"
2025/10/16,梨,"22.19","7.68","24.26","67.42","66"
2025/10/16,西瓜,"29.91","0","59.95","12.64","15.82"
2025/10/16,蘋果,"47.17","207.84","0.12","60.04","69.97"
2025/10/17,蘋果,"47.12","203.47","0.93","64.77","60.15"
2025/10/17,西瓜,"36.32","0","82.37","14.81","15.81"
2025/10/17,鳳梨,"13.18","0","9.69","50.28","32.24"
2025/10/17,梨,"25.65","0","42.68","60.64","66.09"
2025/10/17,桃子,"0.14","0","","","377.08"
2025/10/17,酪梨,"11.23","10.33","8.24","83.9","76.51"
2025/10/17,文旦,"0.95","0","6.33","17.59","21.34"
2025/10/17,奇異果,"6.44","182.29","0.02","92.42","79.01"
2025/10/17,芒果,"1.09","0","0.09","126.86","89.44"
2025/10/18,西瓜,"30.13","0","68.39","14.81","12.61"
2025/10/18,芒果,"0.79","0","0.22","151.08","75.23"
2025/10/18,奇異果,"4.92","131.43","0","88.4","80.57"
2025/10/18,文旦,"0.58","0","1.31","20.47","19.29"
2025/10/18,鳳梨,"10.58","0","10.49","46.25","30.21"
2025/10/18,梨,"18.38","0","42.78","62.82","59.75"
2025/10/18,桃子,"0.11","0","","","451.57"
2025/10/18,蘋果,"35.4","231.21","0.6","72.33","64.08"
2025/10/18,酪梨,"9.92","6.75","7.84","85.48","61.4"
2025/10/19,西瓜,"55.48","0","47.48","17.21","13.33"
2025/10/19,酪梨,"9.55","4.93","6.29","81.71","73.39"
2025/10/19,鳳梨,"12.45","0","13.35","44.18","34.96"
2025/10/19,奇異果,"6.09","21.17","0.15","86.02","89.23"
2025/10/19,蘋果,"43.02","165.7","0.26","65.81","67.84"
2025/10/19,文旦,"1.88","0","0.07","24.7","20.41"
2025/10/19,梨,"20.97","0","32.99","63.93","64.64"
2025/10/19,桃子,"0.26","0","","","327.05"
2025/10/19,芒果,"0.31","0","0.06","183.01","88.26"
2025/10/20,梨,"25.04","0","","","63.5"
2025/10/20,文旦,"1.56","0","","","16.93"
2025/10/20,桃子,"0.01","0","","","560"
2025/10/20,鳳梨,"13.93","0","","","35.5"
2025/10/20,奇異果,"8.34","0.84","","","92.98"
2025/10/20,蘋果,"46.56","103.53","","","63.3"
2025/10/20,酪梨,"9.92","4.11","","","74.06"
2025/10/20,西瓜,"46.4","0","","","14.49"
2025/10/20,芒果,"0.92","0","","","75.28"
2025/10/21,鳳梨,"12.16","0","14.45","40.51","26.88"
2025/10/21,芒果,"0.76","0","0.14","100.5","62.24"
2025/10/21,蘋果,"45.98","140.38","0.59","57.64","67.98"
2025/10/21,奇異果,"6.07","29.77","0.06","91.71","86.92"
2025/10/21,桃子,"0.44","0","","","318.6"
2025/10/21,文旦,"1.06","0","0.71","21.14","23.14"
2025/10/21,酪梨,"10.24","4.04","8.75","78.61","75.06"
2025/10/21,西瓜,"41.25","0","61.89","13.89","12.46"
2025/10/21,梨,"18.55","0","41.86","58.47","67.21"
2025/10/22,文旦,"0.68","0","0.35","8.62","14.5"
2025/10/22,酪梨,"11","4.98","4.67","77.2","63.76"
2025/10/22,桃子,"0.18","0","","","407.8"
2025/10/22,西瓜,"31.06","0","22.13","17.85","10.81"
2025/10/22,梨,"20.38","12.02","30.5","51.73","65.44"
2025/10/22,奇異果,"6.65","72.16","0.1","80.87","87.88"
2025/10/22,芒果,"0.48","0","0.03","117.93","59.2"
2025/10/22,鳳梨,"11.12","6.6","8.79","38.78","32.15"
2025/10/22,蘋果,"37.83","297","0.08","71.2","67.55"
2025/10/23,芒果,"0.47","0","0.08","81.7","72.49"
2025/10/23,梨,"15.84","27.62","17.24","47.66","64.69"
2025/10/23,桃子,"0.04","0","0","160","464.79"
2025/10/23,奇異果,"6.8","72.16","0.06","76.73","71.73"
2025/10/23,蘋果,"32.77","364.24","0.24","64.94","70.9"
2025/10/23,西瓜,"27.1","0","13.14","17.24","13.05"
2025/10/23,鳳梨,"12.11","26.4","5.44","28.37","30.25"
2025/10/23,酪梨,"9.02","4.28","3.95","83.96","66.64"
2025/10/23,文旦,"0.74","0","","","21.39"
2025/10/24,蘋果,"31.34","315.82","0.19","68.3","67.13"
2025/10/24,桃子,"","0","0","110",""
2025/10/24,梨,"11.81","46.59","18.76","82.5","62.32"
2025/10/24,西瓜,"30.63","0","45.21","15.25","11.51"
2025/10/24,鳳梨,"13.29","26.4","9.61","34.45","25.71"
2025/10/24,酪梨,"8.95","3.05","4.61","88.01","71.58"
2025/10/24,奇異果,"4.74","42.4","0.04","106.17","82.17"
2025/10/24,文旦,"0.44","0","","","18.27"
2025/10/24,芒果,"0.91","0","0.05","152.9","63.62"
2025/10/25,文旦,"0.74","0","","","18.52"
2025/10/25,鳳梨,"12.48","19.8","12.07","33.39","27.35"
2025/10/25,梨,"18.72","34.57","29.53","72.27","61.38"
2025/10/25,酪梨,"12.11","2.12","6.38","82.03","62.97"
2025/10/25,奇異果,"4.12","0","0.1","97.89","87.99"
2025/10/25,西瓜,"25.21","0","30.53","13.99","13.13"
2025/10/25,桃子,"0.08","0","","","252.47"
2025/10/25,蘋果,"46.78","133.86","1.56","61.86","62.17"
2025/10/25,芒果,"0.73","0","0.03","83.8","81.6"
2025/10/26,文旦,"0.74","0","0.5","41.1","15.41"
2025/10/26,鳳梨,"10.47","0","9.65","31.83","30.18"
2025/10/26,奇異果,"3.53","0","0.05","90.34","99.44"
2025/10/26,蘋果,"47.43","66.62","0.57","55.89","67.64"
2025/10/26,酪梨,"9.78","2.23","4.32","85.1","67.32"
2025/10/26,西瓜,"28.48","0","47.16","14.24","12.75"
2025/10/26,梨,"13.33","24.37","19.86","67.55","69.84"
2025/10/26,芒果,"0.23","0","0.12","63.96","75.52"
2025/10/27,芒果,"0.37","0","","","60"
2025/10/27,奇異果,"8.16","0","","","78.13"
2025/10/27,酪梨,"9.63","1.86","","","65.8"
2025/10/27,鳳梨,"10.96","0","","","28.51"
2025/10/27,蘋果,"38.71","0","","","67.5"
2025/10/27,桃子,"0.04","0","","","298.88"
2025/10/27,文旦,"0.69","0","","","12.7"
2025/10/27,梨,"11.96","5.4","","","66.91"
2025/10/27,西瓜,"33.24","0","","","12.57"
2025/10/28,梨,"14.22","56.28","38.77","68.24","63.79"
2025/10/28,文旦,"0.29","0","0.22","20","13.45"
2025/10/28,桃子,"0.01","0","","","186.6"
2025/10/28,西瓜,"24.9","0","42.27","14.28","11.77"
2025/10/28,酪梨,"9.69","1.86","7.58","85.17","68.12"
2025/10/28,蘋果,"41.97","104.55","0.42","71.02","62.56"
2025/10/28,鳳梨,"10.77","0","15.56","32.41","26.6"
2025/10/28,奇異果,"7.68","66.48","0.06","119.34","81.92"
2025/10/28,芒果,"0.62","0","0.08","96.1","65.08"
2025/10/29,蘋果,"36.99","129.43","0.47","69.65","64.74"
2025/10/29,酪梨,"10.86","1.21","5.23","96.24","66.26"
2025/10/29,文旦,"0.35","0","0.5","13.6","11.63"
2025/10/29,鳳梨,"9.89","6.6","11.68","32.04","29.41"
2025/10/29,桃子,"0.01","0","","","426.7"
2025/10/29,西瓜,"26.31","0","57.71","12.56","13.77"
2025/10/29,奇異果,"6.38","71.65","0.12","90.91","84.91"
2025/10/29,梨,"12.77","67.08","26.9","70.11","64.57"
2025/10/29,芒果,"0.36","0","0.09","75.6","59.67"
2025/10/30,桃子,"0.03","0","","","426.7"
2025/10/30,奇異果,"7.05","285.6","","","74.04"
2025/10/30,酪梨,"9.84","4.69","","","67.91"
2025/10/30,西瓜,"26.03","0","","","12.93"
2025/10/30,蘋果,"41.73","146.49","","","63.37"
2025/10/30,鳳梨,"12.15","6.6","","","28.83"
2025/10/30,梨,"11.9","67.08","","","65.08"
2025/10/30,芒果,"0.44","0","","","58.16"
2025/10/30,文旦,"0.09","0","","","25"
2025/10/31,酪梨,"9.81","10.64","6.9","101.17","67.17"
2025/10/31,文旦,"0.64","0","","","9.62"
2025/10/31,芒果,"0.73","0","0.07","84","56.64"
2025/10/31,梨,"13.14","51.93","35.49","73.13","67.78"
2025/10/31,西瓜,"34.26","0","65.31","12.84","12.89"
2025/10/31,奇異果,"5.11","295.13","0.29","108.78","92.95"
2025/10/31,蘋果,"43.94","87.05","0.61","44.77","68.72"
2025/10/31,鳳梨,"10.76","13.06","10.75","31.34","29.87"
2025/11/1,蘋果,"26.11","248.35","1.24","74.07","71.35"
2025/11/1,西瓜,"15.08","0","76.92","12.1","14.14"
2025/11/1,芒果,"0.5","0","0.06","121.49","60.19"
2025/11/1,文旦,"0.67","0","","","15.21"
2025/11/1,鳳梨,"7.72","6.46","11.68","35.33","28.78"
2025/11/1,奇異果,"2.46","345.32","0.3","100.25","90.69"
2025/11/1,酪梨,"8.73","23.36","6.65","91.93","59.24"
2025/11/1,梨,"6.89","68.06","33.33","70.53","66.9"
2025/11/1,桃子,"0.2","0","","","83.3"
2025/11/2,梨,"7.87","84.26","26.85","64.97","74.24"
2025/11/2,奇異果,"3.82","131.37","0.52","88.95","82.82"
2025/11/2,鳳梨,"8.3","6.46","12.78","35.46","33.75"
2025/11/2,芒果,"0.33","0","0.04","131.5","65.89"
2025/11/2,蘋果,"50.26","304.02","0.5","74.77","64.84"
2025/11/2,文旦,"1.04","0","","","16.28"
2025/11/2,西瓜,"15.43","0","36.12","12.35","15.16"
2025/11/2,酪梨,"9.26","18.68","5.96","98","62.87"
2025/11/3,梨,"11.64","52.05","","","66.54"
2025/11/3,西瓜,"9.49","0","","","16.56"
2025/11/3,酪梨,"9.82","12.72","","","64.35"
2025/11/3,鳳梨,"9.49","0","","","28.49"
2025/11/3,奇異果,"6.21","58.19","","","76.5"
2025/11/3,文旦,"1.66","0","","","19.62"
2025/11/3,蘋果,"38.94","450.25","","","64.93"
2025/11/3,芒果,"0.37","0","","","55.04"
2025/11/4,梨,"21.45","59.81","36.01","65.03","60.27"
2025/11/4,酪梨,"9.28","4.46","8.57","91.53","64.41"
2025/11/4,西瓜,"14.59","0","91.74","11.57","13.07"
2025/11/4,鳳梨,"11.92","0","12.84","34.34","27.48"
2025/11/4,芒果,"0.57","0","0.07","101.07","53.55"
2025/11/4,奇異果,"9.58","123.95","0.48","98.36","86.17"
2025/11/4,蘋果,"55.51","387.66","1.01","81.46","66.3"
2025/11/5,鳳梨,"13.1","6.6","8.62","29.55","31.05"
2025/11/5,文旦,"1.05","0","0.07","35","16.8"
2025/11/5,奇異果,"5.61","251.58","0.18","98.41","82.8"
2025/11/5,酪梨,"10.05","11.23","5.44","94.12","63.56"
2025/11/5,蘋果,"49.72","355.87","0.89","79.62","68.14"
2025/11/5,梨,"13.22","70.61","16.01","60.47","67.19"
2025/11/5,西瓜,"8.42","0","59.49","10.93","15.78"
2025/11/5,芒果,"0.46","0","0.02","136.7","58.59"
2025/11/6,奇異果,"4.8","362.39","0.12","112.94","77.27"
2025/11/6,文旦,"0.73","0","0.07","43","8.75"
2025/11/6,鳳梨,"9.75","13.2","2.84","30.02","30.31"
2025/11/6,梨,"13.18","72.48","11.61","62.31","69.89"
2025/11/6,西瓜,"21.9","0","26.94","11.14","14.19"
2025/11/6,酪梨,"8.67","16.88","4.95","99.78","62.8"
2025/11/6,芒果,"0.62","0","0.02","197.5","58.1"
2025/11/6,蘋果,"37.15","196.57","0.7","65","66.44"
2025/11/7,梨,"12.15","67.44","14.64","72.02","68.73"
2025/11/7,蘋果,"37.69","169.96","2.04","95.41","71.56"
2025/11/7,奇異果,"2.73","242.59","0.83","84.2","87.24"
2025/11/7,鳳梨,"9.91","13.2","4.6","45.64","31.26"
2025/11/7,芒果,"0.55","0","0.02","213.8","61"
2025/11/7,西瓜,"25.05","0","28.12","11.89","15.14"
2025/11/7,酪梨,"7.45","12.42","5.32","95.91","69.35"
2025/11/7,文旦,"1.26","0","","","7.47"
2025/11/8,梨,"13.97","56.64","19.73","73.47","64.55"
2025/11/8,奇異果,"3.15","114.96","0.15","100.23","103.38"
2025/11/8,蘋果,"33.7","248.43","1.97","89.78","73.01"
2025/11/8,西瓜,"24.57","0","46.78","12.08","13.53"
2025/11/8,鳳梨,"11.61","13.31","9.56","41.61","27.73"
2025/11/8,文旦,"0.48","0","","","8.5"
2025/11/8,芒果,"0.67","0","0.09","117.65","65.71"
2025/11/8,酪梨,"9.71","8.05","5.34","93.54","61.26"
2025/11/9,奇異果,"3.27","1.31","0.22","91.44","104.92"
2025/11/9,文旦,"0.48","0","0.04","27.5","6"
2025/11/9,梨,"17.33","51.24","15.68","69.92","67.6"
2025/11/9,西瓜,"41.59","0","38.68","11.53","14.11"
2025/11/9,芒果,"0.31","0","0.02","123.8","75.56"
2025/11/9,蘋果,"41.08","216.41","0.54","80.59","75.25"
2025/11/9,鳳梨,"10","6.71","8.62","37.96","30.15"
2025/11/9,酪梨,"9.25","2.4","5.97","87.54","63.93"
2025/11/10,鳳梨,"9.22","6.71","","","31.43"
2025/11/10,文旦,"0.06","0","","","4.5"
2025/11/10,西瓜,"18.95","0","","","12.8"
2025/11/10,奇異果,"4.12","0","","","85.55"
2025/11/10,酪梨,"7.86","2.4","","","63.51"
2025/11/10,梨,"15.42","16.2","","","59.19"
2025/11/10,芒果,"0.33","0","","","56.64"
2025/11/10,蘋果,"35.16","119.42","","","66.2"
2025/11/11,梨,"13.06","17.2","14.3","65.9","67.04"
2025/11/11,奇異果,"3.54","0.91","0.32","96.56","89.92"
2025/11/11,西瓜,"13.93","0","128.66","11.54","13.42"
2025/11/11,蘋果,"45.13","68.48","1.48","61.09","64.09"
2025/11/11,芒果,"0.51","0","0.09","137.37","64.81"
2025/11/11,酪梨,"7.81","2.41","9.67","84.86","62.74"
2025/11/11,鳳梨,"10.86","0","8.35","44.06","26.07"
2025/11/11,文旦,"","0","0.17","43",""
2025/11/12,奇異果,"10.04","32.43","0","97.38","76.96"
2025/11/12,芒果,"0.32","0","0.02","171.2","73.68"
2025/11/12,蘋果,"47.34","93.38","0.19","64.58","75.05"
2025/11/12,西瓜,"13.81","0","20.58","12.19","15.88"
2025/11/12,鳳梨,"9.92","0","5.28","43.37","34.35"
2025/11/12,梨,"18.85","28","4.93","63.73","65.11"
2025/11/12,酪梨,"10.92","2.41","4.74","88.01","64.75"
2025/11/13,文旦,"0.36","0","","","8"
2025/11/13,芒果,"0.75","0","","","56.79"
2025/11/13,奇異果,"9.64","32.43","","","76"
2025/11/13,西瓜,"18.49","0","","","12.95"
2025/11/13,酪梨,"8.37","3.37","","","63.32"
2025/11/13,蘋果,"39.52","93.38","","","70.43"
2025/11/13,鳳梨,"11.58","0","","","30.5"
2025/11/13,梨,"14.65","28","","","62.19"
2025/11/14,奇異果,"5.41","37.99","0.47","101.48","91.74"
2025/11/14,鳳梨,"11.78","0","5.7","48.54","33.71"
2025/11/14,蘋果,"49.99","34.34","2.52","67.79","64.15"
2025/11/14,文旦,"0.39","0","","","10.4"
2025/11/14,酪梨,"8.5","8.07","4.34","89.26","68"
2025/11/14,西瓜,"21.42","0","19.91","13.02","16.64"
2025/11/14,梨,"15.38","10.8","14.18","71.08","65.06"
2025/11/14,芒果,"0.61","0","0.09","135.81","63.28"
2025/11/15,西瓜,"13.07","0","15.98","12.28","15.94"
2025/11/15,酪梨,"10.48","8.68","4.78","94.69","63.64"
2025/11/15,蘋果,"50.55","54.99","1.9","74.71","75.11"
2025/11/15,奇異果,"3.41","8.13","0.55","88.35","85.38"
2025/11/15,梨,"11.49","27.77","15.13","74.74","67.36"
2025/11/15,鳳梨,"13.28","0","4.7","56.08","30.44"
2025/11/15,芒果,"0.79","0","","","70.45"
2025/11/15,文旦,"0.19","0","0.23","17.33","11.11"
2025/11/16,鳳梨,"8.6","0","5.02","54.42","35.88"
2025/11/16,酪梨,"7.39","7.71","4.56","93.83","67.24"
2025/11/16,奇異果,"4.24","8.23","0.06","93.19","78.5"
2025/11/16,梨,"16.39","33.17","12.17","70.23","61.84"
2025/11/16,蘋果,"37.1","142.91","0.94","69.89","86.26"
2025/11/16,西瓜,"8.63","0","16.1","12.51","15.02"
2025/11/16,芒果,"0.31","0","0.04","136.35","63.94"
2025/11/17,鳳梨,"9.53","0","","","37.92"
2025/11/17,酪梨,"6.64","0.62","","","72.44"
2025/11/17,蘋果,"54.22","410.46","","","71.59"
2025/11/17,西瓜,"27.69","0","","","13.35"
2025/11/17,文旦,"0.31","0","","","8.41"
2025/11/17,奇異果,"4","1.76","","","84.42"
2025/11/17,梨,"16.48","33.17","","","63.32"
2025/11/17,芒果,"0.6","0","","","70.15"
2025/11/18,鳳梨,"14.37","0","8.39","57.08","29.1"
2025/11/18,文旦,"0.18","0","0.3","11","9.22"
2025/11/18,蘋果,"48.03","815.13","1.78","63.58","68.56"
2025/11/18,奇異果,"5.09","0.17","0.17","101.56","87.78"
2025/11/18,西瓜,"11","0","11.43","16.46","17.88"
2025/11/18,梨,"15.6","64.8","17.05","70.25","68.77"
2025/11/18,芒果,"0.59","0","0.01","213.1","76.38"
2025/11/18,酪梨,"10.02","2.43","6.51","87.99","65.5"
2025/11/19,鳳梨,"12.51","13.2","9.19","59.04","30.68"
2025/11/19,梨,"11.56","73.43","20.83","66.61","59.68"
2025/11/19,奇異果,"6.74","5.98","0.71","89.45","88.72"
2025/11/19,酪梨,"8.89","2.43","4.84","83.69","67.36"
2025/11/19,文旦,"0.24","0","0.09","25","17.5"
2025/11/19,西瓜,"12.6","0","14.68","19.28","16.47"
2025/11/19,蘋果,"23.46","1,070.96","1.9","69.39","69.64"
2025/11/19,芒果,"0.33","0","0.04","120.02","72.6"
2025/11/20,梨,"11.02","94.67","10.25","63.58","58.61"
2025/11/20,奇異果,"3.73","59.26","0.26","84.78","81.13"
2025/11/20,西瓜,"12.68","0","10.55","20.07","11.87"
2025/11/20,芒果,"0.65","0","0.01","213.1","57.89"
2025/11/20,鳳梨,"8.68","19.8","8.07","52.48","28.09"
2025/11/20,蘋果,"35.05","1,317.99","1","76.46","77.23"
2025/11/20,酪梨,"7.52","6.98","3.45","88.66","65"
2025/11/20,文旦,"0.2","0","0.3","10.5","17"
2025/11/21,芒果,"0.52","0","0.01","150","76.64"
2025/11/21,酪梨,"6.23","8.49","2.86","100.43","73.31"
2025/11/21,西瓜,"21.53","0","17.49","15.6","12.8"
2025/11/21,奇異果,"2.75","250.73","0","101.39","90.51"
2025/11/21,蘋果,"41.15","1,196.19","0.98","74.03","64.68"
2025/11/21,梨,"12.17","46.07","10.15","62.68","63.5"
2025/11/21,文旦,"0.1","0","","","15.81"
2025/11/21,鳳梨,"13.27","19.8","2.86","61.27","28.02"
2025/11/22,鳳梨,"11.44","6.6","3.56","56.56","28.07"
2025/11/22,酪梨,"9.82","9.72","3.58","103.65","62.64"
2025/11/22,梨,"18.8","48.24","15.59","67.21","65.21"
2025/11/22,西瓜,"11.19","0","18.47","15.4","17.8"
2025/11/22,蘋果,"50.97","1,023.76","1.56","80.37","69.35"
2025/11/22,文旦,"0.26","0","0.3","9","16.5"
2025/11/22,奇異果,"3.14","341.53","0.2","120.15","89.61"
2025/11/22,芒果,"0.76","0","0.02","121.7","80.08"
2025/11/23,西瓜,"11.95","0","5.45","23.89","16.08"
2025/11/23,鳳梨,"12.23","6.04","2.5","64.06","31.08"
2025/11/23,文旦,"0.25","0","","","13.85"
2025/11/23,奇異果,"5.07","295.07","0","102.66","83.71"
2025/11/23,芒果,"0.26","0","0.01","210","79.17"
2025/11/23,梨,"16.93","27","16.05","66.18","63.37"
2025/11/23,酪梨,"8.62","5.17","3.28","108.47","66.69"
2025/11/23,蘋果,"47.23","499.96","0.21","72.42","79.68"
2025/11/24,蘋果,"55.82","237.39","","","69.05"
2025/11/24,鳳梨,"12.56","6.04","","","28.46"
2025/11/24,芒果,"0.4","0","","","62.29"
2025/11/24,酪梨,"7.97","1.23","","","65.49"
2025/11/24,梨,"18.03","16.2","","","62.14"
2025/11/24,奇異果,"4.09","103.54","","","68.69"
2025/11/24,文旦,"0.58","0","","","10.93"
2025/11/24,西瓜,"6.51","0","","","18.99"
2025/11/25,西瓜,"9.74","0","15.25","18.19","14.24"
2025/11/25,奇異果,"5.95","160.07","0.17","105.27","88.5"
2025/11/25,文旦,"0.2","0","0.3","11","12.95"
2025/11/25,蘋果,"58.41","553.14","1.27","65.71","65.49"
2025/11/25,梨,"18.37","26.3","8.52","58.95","61.1"
2025/11/25,酪梨,"5.89","17.67","5.89","94.84","69.68"
2025/11/25,鳳梨,"12.7","6.04","6.21","63.11","27.17"
2025/11/25,芒果,"0.28","0","0.03","181.8","83.58"
2025/11/26,西瓜,"8.78","0","13.19","14.52","17.83"
2025/11/26,梨,"14.57","37.1","9.65","62.05","58.29"
2025/11/26,奇異果,"3.89","232.91","0.15","89.4","79.59"
2025/11/26,芒果,"0.31","0","","","69.1"
2025/11/26,文旦,"0.44","0","","","10.79"
2025/11/26,鳳梨,"9.41","6.6","7.56","54.06","29.37"
2025/11/26,蘋果,"34.26","959.95","0.73","69.12","73.83"
2025/11/26,酪梨,"6.61","17.67","3.98","95.61","62.65"
2025/11/27,西瓜,"7.73","0","3.9","27.34","12.77"
2025/11/27,芒果,"0.35","0","0.02","134.6","59.52"
2025/11/27,文旦,"0.03","0","","","8"
2025/11/27,奇異果,"3.9","232.91","0","104.04","77.9"
2025/11/27,蘋果,"30.81","1,383.71","0.23","68.31","69.51"
2025/11/27,酪梨,"5.37","21.89","3.66","95.99","67.32"
2025/11/27,梨,"12.57","48.48","13.13","53.6","60.6"
2025/11/27,鳳梨,"8.74","13.25","5.27","46.75","27.21"
2025/11/28,酪梨,"5.33","10.45","5.03","95.68","75.35"
2025/11/28,鳳梨,"12.13","13.25","6.79","46.9","29.12"
2025/11/28,芒果,"0.2","0","","","93.28"
2025/11/28,奇異果,"2.51","79.66","0.14","89.16","98.5"
2025/11/28,蘋果,"38.58","1,746.74","0.73","70.1","72.15"
2025/11/28,梨,"16.71","47.25","18.3","62.6","61.69"
2025/11/28,西瓜,"12.46","0","42.19","14.75","17.56"
2025/11/28,文旦,"0","0","","","5"
2025/11/29,酪梨,"7.11","12.02","5.23","91.78","66.42"
2025/11/29,芒果,"0.34","0","0.01","220","79.14"
2025/11/29,蘋果,"57.32","1,423.18","1.09","73.1","74.14"
2025/11/29,西瓜,"6.21","0","7.42","22.7","13.28"
2025/11/29,奇異果,"3.17","4.32","0.15","97.51","85.61"
2025/11/29,梨,"19.07","41.91","23.84","63.33","59.22"
2025/11/29,桃子,"","0.64","","",""
2025/11/29,鳳梨,"11.24","6.65","8.79","43.57","29.31"
2025/11/30,芒果,"0.14","0","0.01","300","103.64"
2025/11/30,酪梨,"7.63","7.79","3.22","103.33","65.3"
2025/11/30,文旦,"","0","0.4","7",""
2025/11/30,桃子,"0.3","0.64","","","249.23"
2025/11/30,蘋果,"42.63","933.65","0.49","76.37","66.88"
2025/11/30,奇異果,"3.22","5.63","0","83.27","86.03"
2025/11/30,西瓜,"7.56","0","17.2","14.49","26.34"
2025/11/30,梨,"21.32","30.54","11.69","62.7","61.35"
2025/11/30,鳳梨,"10.19","0","6.45","39.76","30.67"
2025/12/1,西瓜,"6.43","0","","","13.91"
2025/12/1,奇異果,"2.8","5.63","","","73.74"
2025/12/1,桃子,"0.1","0.64","","","139.5"
2025/12/1,梨,"19.57","5.47","","","54.9"
2025/12/1,鳳梨,"9.29","0","","","27.06"
2025/12/1,蘋果,"32.15","83.55","","","66.58"
2025/12/1,芒果,"0.22","0","","","80.18"
2025/12/1,酪梨,"6.06","1.57","","","67.29"
2025/12/2,西瓜,"11.89","0","33.44","19.69","12.48"
2025/12/2,文旦,"0.2","0","","","27"
2025/12/2,梨,"16.31","10.8","20.49","66.19","51.27"
2025/12/2,芒果,"0.2","0","0.02","331.2","96.89"
2025/12/2,酪梨,"4.7","2.57","6.15","92.31","65.56"
2025/12/2,蘋果,"38.81","78.17","1.2","71.77","69.58"
2025/12/2,桃子,"0.15","0","0","233.4","266.7"
2025/12/2,鳳梨,"10.42","0","10.9","42.31","25.11"
2025/12/2,奇異果,"4.12","14.88","0.17","97.19","84.91"
2025/12/3,酪梨,"5.3","2.57","4.88","90.52","68.66"
2025/12/3,奇異果,"2.74","19.62","0.05","94.05","83.67"
2025/12/3,蘋果,"27.21","150.14","0.46","70.69","70.76"
2025/12/3,梨,"19.57","26.45","21.26","65.62","52.99"
2025/12/3,西瓜,"5.68","0","22.73","18.46","25.09"
2025/12/3,鳳梨,"9.55","0","12.63","39.7","27.68"
2025/12/3,芒果,"0.29","0","0.01","450","78.46"
2025/12/4,奇異果,"3.9","24.76","0","97.26","78.31"
2025/12/4,鳳梨,"7.73","6.56","9.48","35.72","27.45"
2025/12/4,梨,"17.6","31.95","16.42","59.52","50.21"
2025/12/4,芒果,"0.25","0","0.01","360","69.62"
2025/12/4,桃子,"","0.03","","",""
2025/12/4,蘋果,"32.46","245.29","0.56","77.77","70.95"
2025/12/4,酪梨,"4.53","3.74","3.14","94.58","69.34"
2025/12/4,西瓜,"6.52","0","28.83","18","13.01"
2025/12/5,酪梨,"5.25","1.17","2.42","104.21","74.29"
2025/12/5,梨,"16.69","37.35","20.12","56.18","51.69"
2025/12/5,鳳梨,"8.84","13.16","5","41.27","31.01"
2025/12/5,西瓜,"11.72","0","20.87","17.19","20.79"
2025/12/5,桃子,"0.06","0.03","","","235.83"
2025/12/5,奇異果,"2.44","11.2","0.14","88.9","101.63"
2025/12/5,蘋果,"32.51","177.64","0.26","54.71","67.64"
2025/12/5,芒果,"0.15","0","0","330","109.56"
2025/12/6,桃子,"0.08","0.03","","","266.7"
2025/12/6,鳳梨,"11.8","13.16","6.54","37.06","27.66"
2025/12/6,蘋果,"34.53","430.4","1.06","68.16","71.19"
2025/12/6,梨,"20.66","61.83","14.2","57.58","47.67"
2025/12/6,西瓜,"4.8","0","31.5","14.75","23.37"
2025/12/6,芒果,"0.29","0","0.02","267.5","118.31"
2025/12/6,酪梨,"6.28","2.25","2.83","103.17","63.09"
2025/12/6,奇異果,"3.04","5.14","0","104.39","89.64"
2025/12/7,蘋果,"44.93","700.78","0.87","72.19","70.27"
2025/12/7,酪梨,"6.65","1.08","2.79","105.61","68.91"
2025/12/7,鳳梨,"13.42","6.6","5.31","35.93","29.69"
2025/12/7,西瓜,"9.53","0","12.56","14.46","22.45"
2025/12/7,奇異果,"4.25","1.31","0","103.78","80.2"
2025/12/7,芒果,"0.18","0","0.01","316.2","86.85"
2025/12/7,文旦,"0.08","0","","","10"
2025/12/7,梨,"20.75","63.17","12.17","48.79","53.52"
2025/12/8,蘋果,"31.56","724.6","","","69.39"
2025/12/8,西瓜,"11.67","0","","","15.67"
2025/12/8,鳳梨,"10.12","0","","","28.98"
2025/12/8,芒果,"0.14","0","","","70.25"
2025/12/8,梨,"20.16","46.97","","","49.39"
2025/12/8,奇異果,"3.49","1.31","","","75.25"
2025/12/8,酪梨,"5.4","1.08","","","66.72"
2025/12/9,奇異果,"7.7","8.15","0.17","91.82","96.98"
2025/12/9,蘋果,"37.63","892.41","1.64","66.69","72.15"
2025/12/9,芒果,"0.19","0","0.06","234.2","155.79"
2025/12/9,梨,"22.2","28.86","28.65","49.99","51.07"
2025/12/9,鳳梨,"10.03","0","9.33","39.48","23.06"
2025/12/9,酪梨,"5.33","3.88","3.18","102.91","60.9"
2025/12/9,西瓜,"11.18","0","21.31","15.71","16.63"
2025/12/10,酪梨,"5.55","3.88","2.69","94.9","69.19"
2025/12/10,奇異果,"5.32","6.84","0.14","80.01","94.22"
2025/12/10,桃子,"0.35","0","","","283.73"
2025/12/10,西瓜,"10.14","0","15.56","14.68","13.86"
2025/12/10,芒果,"0.15","0","0.02","235","77.2"
2025/12/10,鳳梨,"9.31","0","7.4","39.79","29.83"
2025/12/10,梨,"24.89","37.89","17.68","50.09","49.42"
2025/12/10,蘋果,"41.09","951.47","0.04","67.12","64.71"
2025/12/11,奇異果,"5.77","11.75","","","72.25"
2025/12/11,梨,"21.13","44.07","","","50.32"
2025/12/11,鳳梨,"8.28","0","","","28.98"
2025/12/11,蘋果,"30.1","1,299.21","","","79.53"
2025/12/11,酪梨,"4.08","6.35","","","72.98"
2025/12/11,西瓜,"12.27","0","","","13.11"
2025/12/11,芒果,"0.15","0","","","70.91"
2025/12/12,酪梨,"4.52","8.75","3.65","98.75","80.29"
2025/12/12,文旦,"0.03","0","","","3.2"
2025/12/12,蘋果,"47.46","1,135.73","0.43","70.51","68.96"
2025/12/12,芒果,"0.13","0","0.05","180.2","114.06"
2025/12/12,西瓜,"10.69","0","96.88","14.74","16.72"
2025/12/12,鳳梨,"10.06","0","7.83","40.07","35.76"
2025/12/12,奇異果,"4.53","17.57","0.22","77.35","81.59"
2025/12/12,梨,"25.78","44.26","31.93","54.7","48.12"
2025/12/13,奇異果,"3.43","33.82","0","94.82","63.33"
2025/12/13,芒果,"0.19","0","0.02","294","140.23"
2025/12/13,酪梨,"4.89","16.39","2.95","81.99","68.34"
2025/12/13,梨,"26.14","54.18","23.61","44.74","50.05"
2025/12/13,鳳梨,"13.97","0","6.43","40.79","30.74"
2025/12/13,西瓜,"11.56","0","26.45","14.02","14.74"
2025/12/13,蘋果,"41.82","849.87","1.08","64.52","76.86"
2025/12/14,奇異果,"3.96","30.22","0","105.83","87.47"
2025/12/14,蘋果,"39.36","706.18","0.59","62","79.96"
2025/12/14,鳳梨,"12.11","0","7.58","37.9","33.32"
2025/12/14,西瓜,"12.24","0","28.1","14.09","19.37"
2025/12/14,文旦,"0.34","0","","","8"
2025/12/14,桃子,"0.07","0","","","333.3"
2025/12/14,梨,"26.29","48.01","12.97","48.44","47.02"
2025/12/14,芒果,"0.13","0","0.05","207.1","167.94"
2025/12/14,酪梨,"5.41","14.58","2.54","106.78","71.91"
2025/12/15,梨,"27.61","25.8","","","49.78"
2025/12/15,奇異果,"4.63","17.57","","","89.53"
2025/12/15,西瓜,"14.39","0","","","13.05"
2025/12/15,鳳梨,"11.96","6.57","","","34.87"
2025/12/15,芒果,"0.25","0","","","72.68"
2025/12/15,文旦,"0.24","0","","","6"
2025/12/15,蘋果,"36.62","383.91","","","74.36"
2025/12/15,酪梨,"3.98","9.47","","","77.62"
2025/12/16,鳳梨,"10.32","6.57","9.22","37.93","34.33"
2025/12/16,奇異果,"6.67","20.66","0.11","91.52","89.83"
2025/12/16,芒果,"0.28","0","0.05","144.61","74.72"
2025/12/16,酪梨,"4.42","4.48","3.81","102.07","77.75"
2025/12/16,蘋果,"34.85","787.19","1.02","57.08","76.26"
2025/12/16,梨,"24.74","26.64","34.19","48.72","43.07"
2025/12/16,桃子,"","1.92","","",""
2025/12/16,西瓜,"11.57","0","6.67","17.02","12.98"
2025/12/17,鳳梨,"9.68","6.57","7.75","41.09","34.26"
2025/12/17,芒果,"0.1","0","0.03","169.3","92.9"
2025/12/17,蘋果,"39.37","681.23","0.26","77.59","66.18"
2025/12/17,梨,"23.85","52.68","22.62","46.02","44.07"
2025/12/17,酪梨,"4.41","3.82","1.86","114.78","75.53"
2025/12/17,奇異果,"3.77","26.48","0","92.96","79.74"
2025/12/17,西瓜,"18.72","0","8.5","19.05","12.1"
2025/12/17,桃子,"","1.92","","",""
2025/12/18,梨,"23.88","58.08","20.07","45.45","47.76"
2025/12/18,桃子,"","1.92","","",""
2025/12/18,西瓜,"9.02","0","18.15","15.28","13.15"
2025/12/18,鳳梨,"7.97","0","9.71","39.87","29.79"
2025/12/18,蘋果,"31.51","777.67","0.43","70.08","78.86"
2025/12/18,奇異果,"2.71","26.48","0","85.41","72.3"
2025/12/18,酪梨,"3.09","3.09","1.94","114.1","77.47"
2025/12/18,芒果,"0.21","0","0.01","304","102.32"
2025/12/19,梨,"21.74","36.3","29.09","53.64","41.82"
2025/12/19,西瓜,"9.02","0","47.82","12.67","17.53"
2025/12/19,芒果,"0.27","0","0.06","174.3","54.97"
2025/12/19,鳳梨,"9.25","13.16","8.63","41.22","33.76"
2025/12/19,酪梨,"3.02","0.44","3.49","107.19","86.32"
2025/12/19,桃子,"0.1","0","","","164"
2025/12/19,蘋果,"37.04","283.02","0.42","74.24","62.28"
2025/12/19,奇異果,"1.84","7.13","0.14","86.12","85.21"
2025/12/20,奇異果,"2.87","0","0.05","89.97","78.25"
2025/12/20,蘋果,"30.22","282.07","0.12","66.56","76.19"
2025/12/20,梨,"21.18","42.55","27.51","45.62","43.03"
2025/12/20,芒果,"0.18","0","0.04","186.6","158.58"
2025/12/20,西瓜,"17.18","0","21.63","13.16","14.59"
2025/12/20,酪梨,"4.03","4.17","2.43","109.4","73.99"
2025/12/20,鳳梨,"9.02","26.36","10.11","38.11","29.44"
2025/12/21,梨,"23.53","42.55","18.88","44.21","43.39"
2025/12/21,西瓜,"15.86","0","1.19","17.96","18.57"
2025/12/21,鳳梨,"10.33","26.36","4.45","35.53","33.41"
2025/12/21,芒果,"0.08","0","0.04","158.6","167.7"
2025/12/21,奇異果,"4.16","5.43","0.15","78.3","78.12"
2025/12/21,酪梨,"3.75","3.73","1.53","112.43","79.01"
2025/12/21,蘋果,"41.85","182.47","0.63","75.06","85.63"
2025/12/22,梨,"21.2","37.68","","","42.33"
2025/12/22,芒果,"0.15","0","","","96.04"
2025/12/22,奇異果,"2.17","5.43","","","78.16"
2025/12/22,蘋果,"38.18","148.82","","","81.42"
2025/12/22,酪梨,"2.2","3.73","","","83.62"
2025/12/22,西瓜,"8.2","0","","","14.65"
2025/12/22,鳳梨,"9.49","19.8","","","32.04"
2025/12/23,蘋果,"31.05","141","1.06","72.97","87.35"
2025/12/23,梨,"21.49","52.59","30.82","47.22","40.8"
2025/12/23,鳳梨,"8.14","19.8","8.54","36.89","31.39"
2025/12/23,酪梨,"2.48","0.41","2.27","113.13","83.97"
2025/12/23,桃子,"0.02","0","","","250"
2025/12/23,西瓜,"18.31","0","17.45","16","12.65"
2025/12/23,奇異果,"4.13","59.84","1.2","63.81","81.38"
2025/12/23,芒果,"0.16","0","0.03","187.5","126.7"
2025/12/24,奇異果,"3.57","68.5","1.17","72.29","82.25"
2025/12/24,西瓜,"10.24","0","10.84","19.64","13.33"
2025/12/24,芒果,"0.12","0","0.03","233.5","108.22"
2025/12/24,蘋果,"29.87","165.82","0.22","74.1","71.92"
2025/12/24,鳳梨,"8.13","19.8","10.22","37.03","29.79"
2025/12/24,酪梨,"3.28","0.41","1.88","131.54","82.97"
2025/12/24,梨,"14.91","94.16","23.37","51.23","41.86"
2025/12/25,桃子,"0.26","0.8","0","268.4","264.13"
2025/12/25,梨,"19.37","113.04","9.86","40.66","49.24"
2025/12/25,芒果,"0.24","0","0.03","163.8","106.28"
2025/12/25,蘋果,"36.69","826.45","0","68.8","78.93"
2025/12/25,西瓜,"6.94","0","11.47","13.94","13.44"
2025/12/25,鳳梨,"9.77","13.2","7.62","33.38","26.13"
2025/12/25,奇異果,"2.38","73.26","0.55","83.82","71.42"
2025/12/25,酪梨,"2.76","7.57","1.59","128.26","81.99"
2025/12/26,鳳梨,"10.13","0","12.67","30.05","30.47"
2025/12/26,西瓜,"14.85","0","16.85","14.16","12.69"
2025/12/26,蘋果,"37.45","1,005.89","0.48","68.85","67.91"
2025/12/26,梨,"19.55","65.86","33.15","42.28","46.81"
2025/12/26,芒果,"0.31","0","0.04","128.1","44"
2025/12/26,奇異果,"2.73","24.69","0.45","85.36","61.86"
2025/12/26,酪梨,"3.55","7.16","2.53","120.9","85.99"
2025/12/26,桃子,"0.01","16.1","0","99.85","200"
2025/12/27,梨,"20.53","49.44","19.17","38.22","47.84"
2025/12/27,芒果,"0.2","0","0.04","124.9","108.8"
2025/12/27,蘋果,"45.54","1,353.67","0.37","71.06","82.29"
2025/12/27,西瓜,"9.05","0","5.45","17.07","19.05"
2025/12/27,鳳梨,"13.05","0","8.29","25.69","31.18"
2025/12/27,酪梨,"4.06","14.2","2.35","116.66","77.98"
2025/12/27,桃子,"0.2","23.78","0","123.2","217.01"
2025/12/27,奇異果,"6.66","31.55","0","85.63","84.94"
2025/12/28,蘋果,"41.54","693.53","0.28","67.71","85.79"
2025/12/28,奇異果,"5.03","26.8","0.3","89.08","87.52"
2025/12/28,西瓜,"6.29","0","17.62","16.07","18.78"
2025/12/28,芒果,"0.14","0","0.02","115.5","123.52"
2025/12/28,梨,"16.84","30.58","18.9","32.95","51.57"
2025/12/28,鳳梨,"10.27","0","4.43","28.49","31.29"
2025/12/28,酪梨,"3.45","7.04","0.91","113.13","84.31"
2025/12/28,桃子,"1.09","47.39","0","90.82","187.6"
2025/12/29,梨,"15.8","30.58","","","48.43"
2025/12/29,芒果,"0.14","0","","","102.49"
2025/12/29,酪梨,"3.02","7.04","","","84.81"
2025/12/29,桃子,"0.35","32.9","","","218.65"
2025/12/29,奇異果,"3.36","20.96","","","85.94"
2025/12/29,西瓜,"12.78","0","","","13.65"
2025/12/29,鳳梨,"10.62","0","","","26.97"
2025/12/29,蘋果,"36.32","397.37","","","76.2"
2025/12/30,西瓜,"4.94","0","14.27","13.55","78.51"
2025/12/30,酪梨,"2.83","4.52","2.48","125.45","80.59"
2025/12/30,芒果,"0.2","0","0.04","201.8","60.33"
2025/12/30,鳳梨,"7.7","0","11.78","26.6","29.88"
2025/12/30,蘋果,"31.98","441.31","0.69","75.04","92.36"
2025/12/30,梨,"15.65","33.13","12.74","40.46","46.97"
2025/12/30,桃子,"","75.03","0","122.47",""
2025/12/30,奇異果,"1.39","21.92","0.11","84.85","69.66"
2025/12/31,奇異果,"2.09","28.56","0.14","93.07","81.62"
2025/12/31,芒果,"0.15","0","0.09","174.3","70.9"
2025/12/31,桃子,"3.42","58.71","0","92.49","164.55"
2025/12/31,蘋果,"32.72","624.7","0.02","79.04","88.26"
2025/12/31,梨,"15.23","33.11","11.45","54.2","47.41"
2025/12/31,鳳梨,"9.68","6.61","9.05","26.33","26.25"
2025/12/31,酪梨,"2.92","4.52","1.71","126.58","88"
2025/12/31,西瓜,"10.37","0","7.79","12.55","13.06"
2026/1/1,桃子,"3.53","67.51","0","103.98","89.42"
2026/1/1,奇異果,"1.98","28.56","0","92.25","81.27"
2026/1/1,梨,"11.26","33.11","13.59","42.12","54.87"
2026/1/1,文旦,"0.04","0","","","10"
2026/1/1,蘋果,"37.51","702.93","0.31","67.15","78.6"
2026/1/1,酪梨,"2.06","15.07","1.77","116.07","82.7"
2026/1/1,鳳梨,"10.53","6.61","10.96","24.77","23.57"
2026/1/1,西瓜,"7.34","0","1.4","20","11.05"
2026/1/1,芒果,"0.25","0","0.12","122.1","87.15"
2026/1/2,芒果,"0.12","0","0.1","120.6","112.06"
2026/1/2,蘋果,"27.16","295.66","0.32","63.63","79.16"
2026/1/2,鳳梨,"8.66","6.61","13.14","24.7","31.56"
2026/1/2,桃子,"0.49","24.85","0","77.6","194.04"
2026/1/2,酪梨,"1.79","10.55","1.9","107.77","96.99"
2026/1/2,奇異果,"3.02","6.64","0","85.02","79.64"
2026/1/2,西瓜,"14.05","0","","","12.74"
2026/1/2,梨,"8.76","0","9.84","39.98","57.09"
2026/1/3,酪梨,"2.43","12.45","1.41","119.93","85.72"
2026/1/3,梨,"10.36","22.85","9.02","43.87","62.01"
2026/1/3,奇異果,"3.49","10.03","0","86.99","85.47"
2026/1/3,蘋果,"31.37","454.25","0.05","79.81","85.14"
2026/1/3,鳳梨,"8.01","0","7.37","25.32","32.19"
2026/1/3,西瓜,"10.39","0","","","22.08"
2026/1/3,桃子,"0.93","62.02","0","105.33","145.84"
2026/1/3,芒果,"0.32","0","0.06","118.9","81.71"
2026/1/4,西瓜,"23.68","0","","","14.37"
2026/1/4,蘋果,"51.48","372.85","0.11","69.57","86.62"
2026/1/4,桃子,"1.68","59.61","0","129.48","89.59"
2026/1/4,鳳梨,"12.4","0","5.01","27.36","29.85"
2026/1/4,奇異果,"2.31","10.03","0","88.26","80.52"
2026/1/4,梨,"13.73","22.85","8.87","49.6","57.3"
2026/1/4,芒果,"0.23","0","0.06","119.4","134.96"
2026/1/4,酪梨,"2.82","1.9","0.44","144.39","89.97"
2026/1/5,蘋果,"47.52","366.75","","","86.01"
2026/1/5,酪梨,"2.72","1.9","","","92.6"
2026/1/5,西瓜,"9.14","0","","","14.43"
2026/1/5,奇異果,"2.37","10.03","","","85.47"
2026/1/5,鳳梨,"10.73","0","","","24.43"
2026/1/5,梨,"16.5","22.85","","","55.67"
2026/1/5,桃子,"3.29","54.87","","","95.03"
2026/1/5,芒果,"0.32","0","","","78.28"
2026/1/6,鳳梨,"9.22","0","8.95","30.06","25.31"
2026/1/6,奇異果,"4.01","20.83","0.08","101.65","93.17"
2026/1/6,酪梨,"2.98","2.68","2.37","125.97","85.33"
2026/1/6,西瓜,"17.67","0","25.83","14","14.67"
2026/1/6,桃子,"1.26","50.34","0","94.31","129.6"
2026/1/6,梨,"15.6","31.9","8.95","41.5","48.89"
2026/1/6,芒果,"0.27","0","0.07","188.9","160.09"
2026/1/6,蘋果,"41.21","438.37","0.04","66.07","89.99"
2026/1/7,鳳梨,"9.79","6.6","8.03","27.41","24.86"
2026/1/7,蘋果,"37.18","813.42","0.08","75.39","88.43"
2026/1/7,西瓜,"11.9","0","","","14.22"
2026/1/7,奇異果,"3.03","26.67","0","76.79","86.52"
2026/1/7,梨,"14.99","49.22","8.98","45.83","55.45"
2026/1/7,酪梨,"2.17","2.68","0.93","148.74","93.28"
2026/1/7,桃子,"1.1","46.66","0","108.39","88.28"
2026/1/7,芒果,"0.19","0","0.08","154.7","90.8"

備註,"一、前三年(平常年)臺北第一、第二批發市場平均交易量(或均價)係從近5年資料中去除最高和最低者
二、本項進口量資料僅包含生鮮及冷藏項目，不含冷凍及加工，且該資料係以海關放行後進入國內課稅區為挑檔條件(本項進口量資料與海關進出口貿易統計採海關放行並完成審核之日期，以及進入經濟領域(除自國外進入國內課稅區外，另亦包括進入加工出口區、科學工業園區、農業科技園區、保稅工廠、自由貿易港區、物流中心及保稅倉庫等)所統計之時點及範圍條件定義不同，因此兩者數據有所差異。)
三、上述沒有資料的日期為市場休市日。
四、資料來源與更新頻率說明
  ●臺北第一、第二批發市場交易量及均價
    - 資料更新頻率：每小時
    - 資料來源下載：農業部資料開放平台https://data.moa.gov.tw/Query/ServiceDetail.aspx?id=037
  ●進口資料
    - 資料更新頻率：每日(7時、12時)
    - 資料來源：財政部關務署
五、以上圖表之推估資料僅供參考。
六、若無出現所選重要農產品資料，表示非本平臺統計項目"